frame,landmark_index,x,y,z,visibility
0,0,0.5269880890846252,0.07971718907356262,-0.4320293664932251,0.9999988079071045
0,1,0.5342563390731812,0.06011900305747986,-0.4172266721725464,0.9999971389770508
0,2,0.5393460988998413,0.06040698289871216,-0.41757872700691223,0.9999966621398926
0,3,0.5431300401687622,0.060903459787368774,-0.4175393879413605,0.9999973773956299
0,4,0.5218126177787781,0.058830589056015015,-0.42150041460990906,0.9999982118606567
0,5,0.5174556374549866,0.058218955993652344,-0.42181771993637085,0.9999983310699463
0,6,0.5137588381767273,0.05786052346229553,-0.4219607710838318,0.9999985694885254
0,7,0.54591965675354,0.06580305099487305,-0.29636648297309875,0.9999974966049194
0,8,0.508117139339447,0.062401413917541504,-0.3159254193305969,0.9999945163726807
0,9,0.5333772897720337,0.09942418336868286,-0.381732702255249,0.9999985694885254
0,10,0.518953263759613,0.09742599725723267,-0.38924241065979004,0.9999985694885254
0,11,0.5661532878875732,0.1805131733417511,-0.18368372321128845,0.9999985694885254
0,12,0.4694406986236572,0.171796977519989,-0.21457013487815857,0.999996542930603
0,13,0.5831037759780884,0.3092043995857239,-0.10721281170845032,0.9973132014274597
0,14,0.43773794174194336,0.30192869901657104,-0.20356327295303345,0.9971207976341248
0,15,0.5933748483657837,0.4296533167362213,-0.18559300899505615,0.9985687732696533
0,16,0.41959911584854126,0.4114532768726349,-0.31920790672302246,0.9986585378646851
0,17,0.5956548452377319,0.46698540449142456,-0.2121981680393219,0.9966745376586914
0,18,0.4129337668418884,0.4533538520336151,-0.36055251955986023,0.9968034029006958
0,19,0.5927468538284302,0.46837908029556274,-0.2531280219554901,0.9972171783447266
0,20,0.4218299984931946,0.4527300298213959,-0.39343133568763733,0.9972903728485107
0,21,0.587897002696991,0.45671042799949646,-0.20255924761295319,0.9958896040916443
0,22,0.42833831906318665,0.4371773302555084,-0.3361242413520813,0.9957612156867981
0,23,0.5387681126594543,0.44746220111846924,0.013627558946609497,0.9999966621398926
0,24,0.4803938865661621,0.4412952661514282,-0.013849914073944092,0.9999963045120239
0,25,0.5373404026031494,0.63796067237854,0.09877016395330429,0.9978710412979126
0,26,0.47032272815704346,0.6274892091751099,0.0551273487508297,0.9967181086540222
0,27,0.5334312915802002,0.7903445959091187,0.32885023951530457,0.9983969330787659
0,28,0.4688684642314911,0.7885755300521851,0.2571989595890045,0.9983528852462769
0,29,0.5209543108940125,0.8110314011573792,0.343234658241272,0.9728193879127502
0,30,0.4724963903427124,0.8136781454086304,0.2704213559627533,0.9589818120002747
0,31,0.5524312257766724,0.8527786731719971,0.2142070084810257,0.9982652068138123
0,32,0.45881733298301697,0.8519418239593506,0.13382114470005035,0.9975977540016174
1,0,0.5237360596656799,0.07986032962799072,-0.4261912405490875,0.9999978542327881
1,1,0.5313220024108887,0.061569273471832275,-0.41183286905288696,0.9999945163726807
1,2,0.5360164046287537,0.06235232949256897,-0.4121731221675873,0.9999935626983643
1,3,0.5400761961936951,0.06327489018440247,-0.4121382534503937,0.9999951124191284
1,4,0.5189374089241028,0.0589824914932251,-0.41450873017311096,0.9999964237213135
1,5,0.5145754814147949,0.05823424458503723,-0.4148256480693817,0.9999967813491821
1,6,0.511228084564209,0.057783663272857666,-0.41497093439102173,0.9999973773956299
1,7,0.5432895421981812,0.06852850317955017,-0.2934706211090088,0.999995231628418
1,8,0.505970299243927,0.06315091252326965,-0.3053723871707916,0.9999898672103882
1,9,0.5300887823104858,0.09996277093887329,-0.37692585587501526,0.999997615814209
1,10,0.5155527591705322,0.09686008095741272,-0.3822343349456787,0.9999977350234985
1,11,0.5648019313812256,0.18124282360076904,-0.1846293956041336,0.9999983310699463
1,12,0.4678293764591217,0.17345911264419556,-0.20093373954296112,0.9999959468841553
1,13,0.5811993479728699,0.30904555320739746,-0.1155306026339531,0.9974344372749329
1,14,0.4369078278541565,0.3039541244506836,-0.1821766346693039,0.996696949005127
1,15,0.5919105410575867,0.42867782711982727,-0.20121251046657562,0.998508632183075
1,16,0.42074084281921387,0.4125828146934509,-0.2960626184940338,0.9983980059623718
1,17,0.5937913656234741,0.4662770926952362,-0.22975383698940277,0.9965215921401978
1,18,0.4140167832374573,0.45358023047447205,-0.3360479474067688,0.9962753057479858
1,19,0.590543270111084,0.46763238310813904,-0.26992881298065186,0.9970777034759521
1,20,0.423550546169281,0.45235392451286316,-0.3697425425052643,0.9968480467796326
1,21,0.5860466361045837,0.45575442910194397,-0.2179945707321167,0.9956327080726624
1,22,0.4302893579006195,0.4369148313999176,-0.31314995884895325,0.9951969981193542
1,23,0.5371959209442139,0.4464331567287445,0.008848077617585659,0.9999961853027344
1,24,0.47912490367889404,0.43951088190078735,-0.009076043963432312,0.9999958276748657
1,25,0.5383934378623962,0.6326291561126709,0.06742821633815765,0.9976440072059631
1,26,0.4688423275947571,0.624732255935669,0.04511352628469467,0.9962945580482483
1,27,0.533623993396759,0.7887526750564575,0.29415982961654663,0.9979875087738037
1,28,0.4708739221096039,0.7876566648483276,0.24151982367038727,0.9981226325035095
1,29,0.5214952230453491,0.8066986799240112,0.30835017561912537,0.9633157253265381
1,30,0.4748087525367737,0.811728835105896,0.25438016653060913,0.9532862305641174
1,31,0.5522966980934143,0.8538526296615601,0.1772712767124176,0.9978671073913574
1,32,0.4577956199645996,0.8519803285598755,0.11785583943128586,0.9973214268684387
2,0,0.5244444012641907,0.08509793877601624,-0.448700875043869,0.9999992847442627
2,1,0.5309460759162903,0.06639453768730164,-0.43384692072868347,0.9999982118606567
2,2,0.5351677536964417,0.06738120317459106,-0.43419012427330017,0.9999977350234985
2,3,0.5388644933700562,0.06833454966545105,-0.4341495931148529,0.9999983310699463
2,4,0.519441545009613,0.06269562244415283,-0.43812453746795654,0.9999988079071045
2,5,0.5152195692062378,0.0615445077419281,-0.4384225606918335,0.999998927116394
2,6,0.5113810896873474,0.061061590909957886,-0.4385485053062439,0.9999990463256836
2,7,0.5413352251052856,0.07456651329994202,-0.3098480999469757,0.9999983310699463
2,8,0.5049973726272583,0.06836122274398804,-0.32913434505462646,0.9999959468841553
2,9,0.5295631289482117,0.10405796766281128,-0.39693182706832886,0.9999990463256836
2,10,0.5157704949378967,0.10222700238227844,-0.4043797552585602,0.9999991655349731
2,11,0.5651546120643616,0.18498334288597107,-0.19437408447265625,0.9999991655349731
2,12,0.46533769369125366,0.1785932183265686,-0.2182004749774933,0.9999973773956299
2,13,0.5814079642295837,0.30984848737716675,-0.11834600567817688,0.9981108903884888
2,14,0.4358340799808502,0.30117684602737427,-0.20041042566299438,0.9965401887893677
2,15,0.591881275177002,0.43103763461112976,-0.20566418766975403,0.9991089701652527
2,16,0.41892558336257935,0.40870243310928345,-0.3169287443161011,0.9984747767448425
2,17,0.5938008427619934,0.46675702929496765,-0.2356398105621338,0.9977553486824036
2,18,0.41264551877975464,0.45102453231811523,-0.35893240571022034,0.9965088963508606
2,19,0.5899956226348877,0.46723195910453796,-0.2766077220439911,0.9981149435043335
2,20,0.4220663905143738,0.4520072638988495,-0.3928999900817871,0.9970428347587585
2,21,0.5852863192558289,0.455082505941391,-0.2228587567806244,0.9970501661300659
2,22,0.4291576147079468,0.43588021397590637,-0.3341817259788513,0.9952310919761658
2,23,0.5358912348747253,0.4471072852611542,0.012064789421856403,0.9999966621398926
2,24,0.4779996871948242,0.4420040249824524,-0.01225635502487421,0.9999961853027344
2,25,0.5383813977241516,0.636233389377594,0.09198274463415146,0.9973291158676147
2,26,0.46870580315589905,0.6271139979362488,0.043553270399570465,0.996067225933075
2,27,0.5325916409492493,0.7899482250213623,0.32463106513023376,0.9978273510932922
2,28,0.46989625692367554,0.7905531525611877,0.229093998670578,0.9981879591941833
2,29,0.5209664702415466,0.8107545375823975,0.3388832211494446,0.9655009508132935
2,30,0.4743862748146057,0.8170320987701416,0.24026799201965332,0.9560685157775879
2,31,0.5534772872924805,0.8534042835235596,0.20685650408267975,0.9978176355361938
2,32,0.4568660259246826,0.8503527045249939,0.09752486646175385,0.9974923133850098
3,0,0.5214015245437622,0.09370893239974976,-0.45005059242248535,0.9999992847442627
3,1,0.528660774230957,0.07629621028900146,-0.43495577573776245,0.9999982118606567
3,2,0.5325025916099548,0.07732605934143066,-0.43529364466667175,0.9999977350234985
3,3,0.5363849997520447,0.07858631014823914,-0.43526893854141235,0.9999984502792358
3,4,0.5168576836585999,0.07253849506378174,-0.4398091733455658,0.999998927116394
3,5,0.5131617188453674,0.07156848907470703,-0.4401037096977234,0.999998927116394
3,6,0.5098430514335632,0.07091104984283447,-0.4402344524860382,0.9999991655349731
3,7,0.5390143990516663,0.08468404412269592,-0.3117561638355255,0.9999984502792358
3,8,0.5034555792808533,0.07646122574806213,-0.3334081470966339,0.9999961853027344
3,9,0.5268903970718384,0.11271148920059204,-0.39871805906295776,0.9999992847442627
3,10,0.5137644410133362,0.10889920592308044,-0.40675973892211914,0.9999992847442627
3,11,0.5621642470359802,0.1955535113811493,-0.19038988649845123,0.9999991655349731
3,12,0.462528258562088,0.19033437967300415,-0.22646674513816833,0.9999974966049194
3,13,0.5813367366790771,0.32401883602142334,-0.09733175486326218,0.9979208111763
3,14,0.43298396468162537,0.31402450799942017,-0.2057586908340454,0.9971224665641785
3,15,0.5933578610420227,0.4410671889781952,-0.16939090192317963,0.9990831613540649
3,16,0.4198121726512909,0.4210422933101654,-0.3088301122188568,0.9983527660369873
3,17,0.5953598022460938,0.4757064878940582,-0.19506435096263885,0.9976420998573303
3,18,0.4126715362071991,0.46135297417640686,-0.34853678941726685,0.9959367513656616
3,19,0.5911991596221924,0.4765504002571106,-0.23715510964393616,0.9979962110519409
3,20,0.42063453793525696,0.4627140164375305,-0.38119205832481384,0.996493399143219
3,21,0.5877741575241089,0.4648391008377075,-0.18655885756015778,0.9968855977058411
3,22,0.4268161654472351,0.44902604818344116,-0.32489147782325745,0.9944230914115906
3,23,0.534828245639801,0.4533677399158478,0.011783198453485966,0.999997615814209
3,24,0.4771001636981964,0.45107534527778625,-0.012003066949546337,0.9999971389770508
3,25,0.5398673415184021,0.6355390548706055,0.04925081506371498,0.9975647926330566
3,26,0.46328800916671753,0.634061336517334,0.015150669030845165,0.994748055934906
3,27,0.5316819548606873,0.7891772389411926,0.2869267165660858,0.9977983236312866
3,28,0.47056564688682556,0.7944481372833252,0.23519983887672424,0.9974741339683533
3,29,0.521551787853241,0.8115296959877014,0.3020995259284973,0.9659862518310547
3,30,0.47870132327079773,0.8184419870376587,0.25050076842308044,0.9504187703132629
3,31,0.5534200072288513,0.8492606282234192,0.1761278659105301,0.9976315498352051
3,32,0.45685121417045593,0.8562556505203247,0.12191532552242279,0.9964591860771179
4,0,0.5215316414833069,0.11864396929740906,-0.4342612624168396,0.9999983310699463
4,1,0.5275565981864929,0.10022139549255371,-0.4175061583518982,0.9999957084655762
4,2,0.5312996506690979,0.10079345107078552,-0.4178386330604553,0.9999946355819702
4,3,0.5347930192947388,0.10111331939697266,-0.41780608892440796,0.9999960660934448
4,4,0.517281174659729,0.09897744655609131,-0.42281195521354675,0.9999974966049194
4,5,0.5137128829956055,0.0983591079711914,-0.42310023307800293,0.9999977350234985
4,6,0.5099806785583496,0.09741437435150146,-0.4232366383075714,0.9999980926513672
4,7,0.5369909405708313,0.10666576027870178,-0.29223403334617615,0.9999957084655762
4,8,0.5039322972297668,0.1009802520275116,-0.3159094750881195,0.9999921321868896
4,9,0.5263359546661377,0.13643667101860046,-0.38276901841163635,0.9999982118606567
4,10,0.5146572589874268,0.13336554169654846,-0.3913850486278534,0.9999984502792358
4,11,0.5612784028053284,0.21456754207611084,-0.17319828271865845,0.9999984502792358
4,12,0.46317899227142334,0.20976895093917847,-0.21656453609466553,0.9999966621398926
4,13,0.5808500051498413,0.33574557304382324,-0.08877772092819214,0.996813952922821
4,14,0.4321257770061493,0.32649755477905273,-0.20286765694618225,0.9971184730529785
4,15,0.5945183634757996,0.45268532633781433,-0.16708464920520782,0.9986863732337952
4,16,0.4175453782081604,0.43455109000205994,-0.30955302715301514,0.9986275434494019
4,17,0.5979531407356262,0.4871528446674347,-0.1919889897108078,0.9968124032020569
4,18,0.41002321243286133,0.4736081063747406,-0.35004523396492004,0.996482253074646
4,19,0.594698965549469,0.4901193678379059,-0.23411427438259125,0.9973157048225403
4,20,0.41814714670181274,0.475931316614151,-0.38137006759643555,0.9969778060913086
4,21,0.5909285545349121,0.4795093238353729,-0.18451179563999176,0.9959596991539001
4,22,0.4244641959667206,0.4636770486831665,-0.3252461552619934,0.995145857334137
4,23,0.5321000814437866,0.4678111970424652,0.01459813304245472,0.999996542930603
4,24,0.4764663577079773,0.46395060420036316,-0.01479307934641838,0.9999963045120239
4,25,0.5413221120834351,0.6441472172737122,0.05332751199603081,0.9969162940979004
4,26,0.46225816011428833,0.6369584202766418,-0.008980300277471542,0.9949960708618164
4,27,0.5317118763923645,0.7870016098022461,0.29513272643089294,0.9974645376205444
4,28,0.4684271216392517,0.7939743995666504,0.2039898931980133,0.9975327253341675
4,29,0.5216018557548523,0.8051573038101196,0.3107292950153351,0.9622837901115417
4,30,0.4757280647754669,0.817854642868042,0.21861982345581055,0.9516395926475525
4,31,0.5543075799942017,0.8561615943908691,0.18683433532714844,0.9971938133239746
4,32,0.4551119804382324,0.8511621952056885,0.0895061045885086,0.9964281916618347
5,0,0.521519660949707,0.14630058407783508,-0.428555965423584,0.9999959468841553
5,1,0.5267818570137024,0.1289706826210022,-0.4101504981517792,0.9999878406524658
5,2,0.5307315587997437,0.1301461160182953,-0.41046035289764404,0.9999860525131226
5,3,0.5340039730072021,0.13099682331085205,-0.4104243516921997,0.9999898672103882
5,4,0.5160527229309082,0.12542617321014404,-0.41570237278938293,0.999993085861206
5,5,0.5125203132629395,0.12481880187988281,-0.4159802198410034,0.9999939203262329
5,6,0.5092100501060486,0.12444594502449036,-0.4161011576652527,0.9999951124191284
5,7,0.5352357625961304,0.13666832447052002,-0.2858423888683319,0.9999874830245972
5,8,0.5027913451194763,0.12973633408546448,-0.3102927803993225,0.9999792575836182
5,9,0.5260491371154785,0.16630735993385315,-0.3784763514995575,0.9999960660934448
5,10,0.51422119140625,0.16289091110229492,-0.38738304376602173,0.9999967813491821
5,11,0.5597573518753052,0.24232631921768188,-0.17981301248073578,0.9999980926513672
5,12,0.46064427495002747,0.24077898263931274,-0.214579239487648,0.9999954700469971
5,13,0.5813371539115906,0.35697704553604126,-0.12557974457740784,0.9979598522186279
5,14,0.4310882091522217,0.34850209951400757,-0.20227459073066711,0.9967041611671448
5,15,0.5975698828697205,0.47274771332740784,-0.22610990703105927,0.9990513920783997
5,16,0.41509199142456055,0.45298078656196594,-0.3031730353832245,0.9986812472343445
5,17,0.6027816534042358,0.5077486634254456,-0.253529816865921,0.9976235032081604
5,18,0.41008636355400085,0.49512168765068054,-0.34037959575653076,0.9966475367546082
5,19,0.599956750869751,0.5103105306625366,-0.29261770844459534,0.9980009198188782
5,20,0.41642868518829346,0.4962659180164337,-0.3721589744091034,0.9971143007278442
5,21,0.5948396325111389,0.49912694096565247,-0.242625430226326,0.9969589710235596
5,22,0.42164310812950134,0.4814571738243103,-0.31867679953575134,0.9953456521034241
5,23,0.5295021533966064,0.47970274090766907,0.01620820164680481,0.9999959468841553
5,24,0.4733380973339081,0.4743494391441345,-0.01637435518205166,0.9999951124191284
5,25,0.5440284013748169,0.6501473784446716,-0.03533456474542618,0.9975927472114563
5,26,0.46403777599334717,0.6478154063224792,-0.14246386289596558,0.997626006603241
5,27,0.5321099758148193,0.7905813455581665,0.2074785977602005,0.9971814155578613
5,28,0.46941104531288147,0.7974298000335693,0.06471113860607147,0.9979636669158936
5,29,0.5228883028030396,0.8095340728759766,0.22374244034290314,0.9637948274612427
5,30,0.4756908714771271,0.8209458589553833,0.07956057041883469,0.9561268091201782
5,31,0.552997350692749,0.858540415763855,0.10492274165153503,0.996820330619812
5,32,0.4582056999206543,0.8593041300773621,-0.048340894281864166,0.9968743324279785
6,0,0.5200666189193726,0.1824885606765747,-0.4790899157524109,0.9999929666519165
6,1,0.5244932770729065,0.16487988829612732,-0.4632321894168854,0.9999775886535645
6,2,0.5277642011642456,0.16526949405670166,-0.4635181128978729,0.9999744892120361
6,3,0.5308243632316589,0.16537341475486755,-0.46350428462028503,0.9999829530715942
6,4,0.5159631967544556,0.16237783432006836,-0.4672793745994568,0.9999872446060181
6,5,0.5130249857902527,0.16131830215454102,-0.46755385398864746,0.9999884366989136
6,6,0.5101432204246521,0.16026723384857178,-0.4676753282546997,0.9999909400939941
6,7,0.5327597260475159,0.1687363088130951,-0.3451211750507355,0.9999818801879883
6,8,0.5034716129302979,0.16331449151039124,-0.36226072907447815,0.9999663829803467
6,9,0.5235780477523804,0.19961708784103394,-0.43082281947135925,0.9999957084655762
6,10,0.5140988826751709,0.19723638892173767,-0.4375132918357849,0.999996542930603
6,11,0.5604718923568726,0.2714996933937073,-0.23228208720684052,0.9999983310699463
6,12,0.45889103412628174,0.26403090357780457,-0.26307398080825806,0.9999963045120239
6,13,0.5842020511627197,0.38868898153305054,-0.17801113426685333,0.9987536668777466
6,14,0.42443719506263733,0.3777775168418884,-0.24832871556282043,0.9982168078422546
6,15,0.601767897605896,0.5025699138641357,-0.2659186124801636,0.9990872144699097
6,16,0.4110596776008606,0.4904831349849701,-0.3316662609577179,0.9986967444419861
6,17,0.6068283915519714,0.5407155752182007,-0.29206719994544983,0.9975233674049377
6,18,0.40698087215423584,0.5280548930168152,-0.3653510808944702,0.9962053894996643
6,19,0.6060886979103088,0.5430908799171448,-0.3296208381652832,0.9978795051574707
6,20,0.4134797751903534,0.5288993120193481,-0.39594537019729614,0.9967353940010071
6,21,0.599867582321167,0.5305588245391846,-0.28136545419692993,0.9969058632850647
6,22,0.41788238286972046,0.5183639526367188,-0.3458808958530426,0.9948075413703918
6,23,0.5257894992828369,0.49096688628196716,0.014566007070243359,0.9999969005584717
6,24,0.4706900715827942,0.48337873816490173,-0.01477324403822422,0.9999957084655762
6,25,0.5465502738952637,0.6411871314048767,-0.15980863571166992,0.9992444515228271
6,26,0.46515530347824097,0.637801468372345,-0.20249630510807037,0.9985226988792419
6,27,0.5311923623085022,0.7897436618804932,0.08000672608613968,0.9982296824455261
6,28,0.4678112864494324,0.7955542802810669,0.029676614329218864,0.9980621933937073
6,29,0.5219757556915283,0.8092573285102844,0.09671385586261749,0.9775888919830322
6,30,0.47401154041290283,0.8169734477996826,0.0478479228913784,0.9613334536552429
6,31,0.5553296804428101,0.8576427698135376,-0.02426510863006115,0.9979932308197021
6,32,0.45910197496414185,0.8596315383911133,-0.07312019914388657,0.9970850348472595
7,0,0.5193693041801453,0.2227308750152588,-0.5158997178077698,0.9999849796295166
7,1,0.5243607759475708,0.20380949974060059,-0.49896156787872314,0.9999470710754395
7,2,0.5280086398124695,0.20418259501457214,-0.49923714995384216,0.9999359846115112
7,3,0.5310012698173523,0.20413365960121155,-0.49920859932899475,0.9999566078186035
7,4,0.5142950415611267,0.1995278298854828,-0.503722608089447,0.9999741315841675
7,5,0.5109882950782776,0.19771230220794678,-0.5040029287338257,0.999976634979248
7,6,0.5080446004867554,0.19619426131248474,-0.5041431188583374,0.9999823570251465
7,7,0.532846212387085,0.20553597807884216,-0.3717517554759979,0.999942421913147
7,8,0.5016995668411255,0.19836100935935974,-0.3922596275806427,0.9999336004257202
7,9,0.5235798954963684,0.23866021633148193,-0.4638466238975525,0.9999879598617554
7,10,0.5121800303459167,0.2349429726600647,-0.47148042917251587,0.999991774559021
7,11,0.5606909394264221,0.30001717805862427,-0.24826285243034363,0.9999960660934448
7,12,0.45814839005470276,0.2928474545478821,-0.2813624143600464,0.9999939203262329
7,13,0.5864196419715881,0.4200935363769531,-0.19642946124076843,0.9983768463134766
7,14,0.42460960149765015,0.40305274724960327,-0.2577745020389557,0.9983988404273987
7,15,0.6069486737251282,0.5398507714271545,-0.283657968044281,0.9988460540771484
7,16,0.4082852005958557,0.5215722322463989,-0.33276185393333435,0.9990353584289551
7,17,0.6162063479423523,0.573929488658905,-0.3084559440612793,0.9967886209487915
7,18,0.40287086367607117,0.5607213377952576,-0.3649478554725647,0.9969442486763
7,19,0.614966630935669,0.5755509734153748,-0.34521839022636414,0.9972116351127625
7,20,0.40977367758750916,0.5610842108726501,-0.39587920904159546,0.997384250164032
7,21,0.6080706119537354,0.5666006207466125,-0.298600435256958,0.9958963394165039
7,22,0.4153974652290344,0.5490555763244629,-0.34660372138023376,0.9956166744232178
7,23,0.5245450139045715,0.5061346888542175,0.013433100655674934,0.9999914169311523
7,24,0.46972188353538513,0.49681347608566284,-0.013613203540444374,0.9999904632568359
7,25,0.5502285957336426,0.6418259143829346,-0.18186849355697632,0.9974682331085205
7,26,0.4662213623523712,0.6308857202529907,-0.2937808334827423,0.9980809688568115
7,27,0.5322402119636536,0.7882975935935974,0.06544288992881775,0.9958785772323608
7,28,0.4683869183063507,0.798973560333252,-0.064775750041008,0.9970012307167053
7,29,0.5195546746253967,0.8077782988548279,0.08267206698656082,0.9666434526443481
7,30,0.47690698504447937,0.824785590171814,-0.04671661928296089,0.9598836898803711
7,31,0.5538420677185059,0.8571592569351196,-0.03744710981845856,0.9950858950614929
7,32,0.45463013648986816,0.8606432676315308,-0.17067429423332214,0.9954347014427185
8,0,0.5196478962898254,0.25611016154289246,-0.5623339414596558,0.9999914169311523
8,1,0.524621307849884,0.23973387479782104,-0.5449461340904236,0.9999721050262451
8,2,0.5278533697128296,0.2399035394191742,-0.5452302098274231,0.9999668598175049
8,3,0.5307947993278503,0.24008291959762573,-0.5451821088790894,0.9999771118164062
8,4,0.5154080390930176,0.23689505457878113,-0.5498935580253601,0.9999860525131226
8,5,0.5121074318885803,0.2351774275302887,-0.5501635670661926,0.9999872446060181
8,6,0.5088386535644531,0.23348698019981384,-0.5502962470054626,0.9999895095825195
8,7,0.5328795909881592,0.24002569913864136,-0.4115593433380127,0.9999630451202393
8,8,0.5024526119232178,0.2324749231338501,-0.4329722225666046,0.999953031539917
8,9,0.523157000541687,0.27195703983306885,-0.5076535940170288,0.9999909400939941
8,10,0.5137248039245605,0.2703581154346466,-0.5155526399612427,0.9999939203262329
8,11,0.5596900582313538,0.3305491805076599,-0.27797719836235046,0.9999967813491821
8,12,0.4594705402851105,0.32416480779647827,-0.3105418384075165,0.9999936819076538
8,13,0.5869411826133728,0.4396325349807739,-0.23005923628807068,0.998254120349884
8,14,0.42103394865989685,0.4252966046333313,-0.28196200728416443,0.9974716901779175
8,15,0.6084964275360107,0.5566537976264954,-0.32550033926963806,0.9991717338562012
8,16,0.4066801369190216,0.5432023406028748,-0.3545899987220764,0.9983270764350891
8,17,0.616341769695282,0.5908799171447754,-0.35293716192245483,0.9976850748062134
8,18,0.40037232637405396,0.581608235836029,-0.38769808411598206,0.9948024749755859
8,19,0.6135636568069458,0.5918982028961182,-0.38961219787597656,0.9979913234710693
8,20,0.40653926134109497,0.5826441645622253,-0.41918861865997314,0.9956041574478149
8,21,0.6077762842178345,0.5827378034591675,-0.3405589461326599,0.9968292117118835
8,22,0.4124697744846344,0.5708203315734863,-0.36856141686439514,0.9924740195274353
8,23,0.5235699415206909,0.5113600492477417,0.014165201224386692,0.9999855756759644
8,24,0.46933820843696594,0.5007655620574951,-0.014334781095385551,0.9999827146530151
8,25,0.5516661405563354,0.6447585225105286,-0.17445053160190582,0.9918256998062134
8,26,0.4649813175201416,0.6303091049194336,-0.3156195282936096,0.9956392049789429
8,27,0.5319845080375671,0.7927177548408508,0.06008654832839966,0.9913581609725952
8,28,0.46887320280075073,0.7983106374740601,-0.09568262100219727,0.9940038323402405
8,29,0.5183376669883728,0.8127366304397583,0.07509008795022964,0.9471608996391296
8,30,0.47669827938079834,0.8296207189559937,-0.07903856784105301,0.9428147077560425
8,31,0.5556328296661377,0.8587419390678406,-0.05387253686785698,0.9906655550003052
8,32,0.4544006586074829,0.8521077632904053,-0.20897135138511658,0.9918751120567322
9,0,0.5209538340568542,0.2811531722545624,-0.5749189257621765,0.9999879598617554
9,1,0.5251810550689697,0.26439738273620605,-0.5547971129417419,0.9999569654464722
9,2,0.5280765295028687,0.264607697725296,-0.5550512075424194,0.9999475479125977
9,3,0.5308259725570679,0.2647772431373596,-0.5550028085708618,0.999962329864502
9,4,0.5157796144485474,0.2622227668762207,-0.5618651509284973,0.9999812841415405
9,5,0.5121329426765442,0.26115450263023376,-0.5621050000190735,0.9999833106994629
9,6,0.5087074637413025,0.26005837321281433,-0.5622162222862244,0.9999865293502808
9,7,0.5313412547111511,0.26615023612976074,-0.4133319556713104,0.9999386072158813
9,8,0.5015159845352173,0.2606371343135834,-0.4441415071487427,0.9999397993087769
9,9,0.5236126184463501,0.2977302670478821,-0.5176126956939697,0.9999871253967285
9,10,0.514043927192688,0.2975746989250183,-0.5281585454940796,0.9999920129776001
9,11,0.5571670532226562,0.35455870628356934,-0.2781292796134949,0.999995231628418
9,12,0.4583660662174225,0.34656602144241333,-0.3203640282154083,0.9999912977218628
9,13,0.5863871574401855,0.45334377884864807,-0.250014990568161,0.9949187636375427
9,14,0.4180850386619568,0.4465074837207794,-0.3121474087238312,0.9945620894432068
9,15,0.6109868288040161,0.5694547891616821,-0.3664420247077942,0.9963758587837219
9,16,0.4040048122406006,0.5637157559394836,-0.39461463689804077,0.99434894323349
9,17,0.6192053556442261,0.6030679941177368,-0.39672693610191345,0.9914146065711975
9,18,0.3969249725341797,0.601794958114624,-0.4301426112651825,0.9847457408905029
9,19,0.6138710975646973,0.6034212112426758,-0.43062010407447815,0.9922884106636047
9,20,0.4036721885204315,0.6048309803009033,-0.4581301510334015,0.9865683317184448
9,21,0.6078885793685913,0.5933281183242798,-0.3811033368110657,0.988104522228241
9,22,0.4093160033226013,0.5935222506523132,-0.40723979473114014,0.9766967296600342
9,23,0.5230374932289124,0.5274644494056702,0.015215572901070118,0.999984860420227
9,24,0.4698760211467743,0.5151963233947754,-0.015372115187346935,0.9999827146530151
9,25,0.548950731754303,0.6483638286590576,-0.24898739159107208,0.9901576638221741
9,26,0.4632032513618469,0.6282663941383362,-0.37662264704704285,0.9908561706542969
9,27,0.531519889831543,0.7908920049667358,-0.010884331539273262,0.9879675507545471
9,28,0.46870845556259155,0.7961498498916626,-0.13403479754924774,0.9892181158065796
9,29,0.5180826783180237,0.8125969171524048,0.004311286844313145,0.9346657395362854
9,30,0.4763416051864624,0.8215833902359009,-0.11568915098905563,0.9152103066444397
9,31,0.5536366701126099,0.8571903705596924,-0.13363946974277496,0.986499547958374
9,32,0.4555158317089081,0.8524829149246216,-0.251924067735672,0.9840260744094849
10,0,0.5180230736732483,0.30662083625793457,-0.6515309810638428,0.9999939203262329
10,1,0.5228102803230286,0.2904910743236542,-0.6328766942024231,0.9999794960021973
10,2,0.5266293287277222,0.2905407249927521,-0.6331209540367126,0.9999725818634033
10,3,0.5300715565681458,0.29059889912605286,-0.6330698132514954,0.9999804496765137
10,4,0.5125897526741028,0.2879110872745514,-0.6380083560943604,0.9999910593032837
10,5,0.5088536739349365,0.286694198846817,-0.6382344365119934,0.9999914169311523
10,6,0.5053488612174988,0.2857155501842499,-0.6383231282234192,0.999993085861206
10,7,0.5317279696464539,0.29152238368988037,-0.48973527550697327,0.9999659061431885
10,8,0.49985426664352417,0.28661009669303894,-0.5117682218551636,0.999962568283081
10,9,0.521936297416687,0.3233969211578369,-0.5930807590484619,0.999992847442627
10,10,0.5107766389846802,0.32185032963752747,-0.6009930968284607,0.9999954700469971
10,11,0.5577802658081055,0.3752184510231018,-0.3455427885055542,0.9999966621398926
10,12,0.4571557641029358,0.3650270998477936,-0.3807198405265808,0.9999953508377075
10,13,0.5890390276908875,0.47884875535964966,-0.34836459159851074,0.9937242865562439
10,14,0.41732561588287354,0.4698556661605835,-0.3913063704967499,0.9908650517463684
10,15,0.611741840839386,0.5868111848831177,-0.4881105124950409,0.9917516112327576
10,16,0.40301334857940674,0.5890734195709229,-0.48510226607322693,0.9843944907188416
10,17,0.6188886165618896,0.6229596138000488,-0.5254474878311157,0.9812428951263428
10,18,0.39685338735580444,0.6271334886550903,-0.5248174667358398,0.9582884311676025
10,19,0.6131736040115356,0.6262274384498596,-0.5568156838417053,0.9827730655670166
10,20,0.4049072861671448,0.6292853951454163,-0.5534501671791077,0.9637054800987244
10,21,0.6069796085357666,0.6139286756515503,-0.5024781227111816,0.9730938673019409
10,22,0.41013747453689575,0.6168103814125061,-0.49855056405067444,0.9393483400344849
10,23,0.5202943086624146,0.529251754283905,0.01638690195977688,0.999991774559021
10,24,0.4668029546737671,0.5198644995689392,-0.016551000997424126,0.9999915361404419
10,25,0.5502005815505981,0.6442988514900208,-0.27871984243392944,0.9744924306869507
10,26,0.46145132184028625,0.6335216760635376,-0.39202988147735596,0.9790591597557068
10,27,0.5311296582221985,0.7895593047142029,-0.019009951502084732,0.9673412442207336
10,28,0.4685770273208618,0.7986749410629272,-0.11817115545272827,0.9772354960441589
10,29,0.5199892520904541,0.8121532797813416,-0.002351350151002407,0.8682960271835327
10,30,0.4766593873500824,0.8219101428985596,-0.09749537706375122,0.8499085307121277
10,31,0.5547620058059692,0.8554326295852661,-0.14893166720867157,0.9697632193565369
10,32,0.45762574672698975,0.857192873954773,-0.24141868948936462,0.9691458940505981
11,0,0.5168402791023254,0.3286982476711273,-0.6139019727706909,0.9999942779541016
11,1,0.5215038061141968,0.31098437309265137,-0.5951417684555054,0.9999768733978271
11,2,0.525235116481781,0.3109457194805145,-0.5953454971313477,0.9999675750732422
11,3,0.5282720327377319,0.310478150844574,-0.595300555229187,0.9999755620956421
11,4,0.5116308331489563,0.3084665536880493,-0.6002702713012695,0.9999909400939941
11,5,0.5082102417945862,0.3071505129337311,-0.6004745364189148,0.9999914169311523
11,6,0.5050984621047974,0.30579689145088196,-0.600551187992096,0.999992847442627
11,7,0.531302273273468,0.30980944633483887,-0.4528168737888336,0.999962568283081
11,8,0.4971376955509186,0.30452054738998413,-0.474873423576355,0.9999696016311646
11,9,0.5210821032524109,0.3433462977409363,-0.5558816194534302,0.9999933242797852
11,10,0.5092909932136536,0.3406186103820801,-0.5636539459228516,0.9999963045120239
11,11,0.554958701133728,0.38844990730285645,-0.31179410219192505,0.9999964237213135
11,12,0.4557378590106964,0.3808002173900604,-0.3484794795513153,0.9999960660934448
11,13,0.586830198764801,0.4916335344314575,-0.31871268153190613,0.9945658445358276
11,14,0.4147203266620636,0.4868393540382385,-0.3672420382499695,0.9943976402282715
11,15,0.6088791489601135,0.6018680334091187,-0.4530320167541504,0.9950335025787354
11,16,0.40430644154548645,0.6038869619369507,-0.4620104432106018,0.9930086135864258
11,17,0.618354082107544,0.63758385181427,-0.48894238471984863,0.9886670708656311
11,18,0.3953421115875244,0.6407294869422913,-0.5015345215797424,0.9821396470069885
11,19,0.6120119690895081,0.6401479840278625,-0.5197001099586487,0.9896659851074219
11,20,0.4073493480682373,0.6423394680023193,-0.5274251103401184,0.9847717881202698
11,21,0.6040843725204468,0.626712441444397,-0.46730837225914,0.9837840795516968
11,22,0.4125630259513855,0.6301755905151367,-0.4743262529373169,0.9713843464851379
11,23,0.5164813995361328,0.5405572652816772,0.015322642400860786,0.9999878406524658
11,24,0.46547961235046387,0.5333088040351868,-0.015468541532754898,0.9999887943267822
11,25,0.5499351024627686,0.6399307250976562,-0.28992605209350586,0.9711867570877075
11,26,0.4610343873500824,0.6348165273666382,-0.3995414674282074,0.975793719291687
11,27,0.5320218801498413,0.7926857471466064,-0.05515686795115471,0.965111255645752
11,28,0.46921807527542114,0.8006340265274048,-0.1482086181640625,0.9743451476097107
11,29,0.5194870233535767,0.8148049116134644,-0.04103587940335274,0.8679134249687195
11,30,0.4768756031990051,0.8233814239501953,-0.13002166152000427,0.8502665162086487
11,31,0.5521968007087708,0.8560466766357422,-0.18751421570777893,0.9689346551895142
11,32,0.4586392641067505,0.8589674234390259,-0.27274349331855774,0.966440737247467
12,0,0.5139185190200806,0.33346617221832275,-0.5505661964416504,0.9999948740005493
12,1,0.5194060802459717,0.31575363874435425,-0.5300547480583191,0.9999791383743286
12,2,0.5231464505195618,0.31605061888694763,-0.5302494168281555,0.9999719858169556
12,3,0.5265852212905884,0.3161185085773468,-0.5302112102508545,0.9999792575836182
12,4,0.5081835985183716,0.3130037188529968,-0.5349743962287903,0.9999914169311523
12,5,0.5050469636917114,0.31218791007995605,-0.5351767539978027,0.9999923706054688
12,6,0.5018067359924316,0.3105712831020355,-0.5352456569671631,0.9999936819076538
12,7,0.5283135175704956,0.31658580899238586,-0.3903331458568573,0.9999732971191406
12,8,0.4953714609146118,0.3113640546798706,-0.41177940368652344,0.9999759197235107
12,9,0.5198408365249634,0.3498295247554779,-0.4945521354675293,0.9999947547912598
12,10,0.5061502456665039,0.345862478017807,-0.5021339058876038,0.9999967813491821
12,11,0.5530028343200684,0.397398442029953,-0.2633698284626007,0.9999960660934448
12,12,0.45376431941986084,0.3902091383934021,-0.29693469405174255,0.9999954700469971
12,13,0.5851324796676636,0.49929895997047424,-0.2647998332977295,0.9975059628486633
12,14,0.41323772072792053,0.49057918787002563,-0.3133099377155304,0.997724711894989
12,15,0.608411431312561,0.607435405254364,-0.39040353894233704,0.9974349141120911
12,16,0.4049353003501892,0.6103504300117493,-0.40865665674209595,0.9971019625663757
12,17,0.6169607043266296,0.6428173184394836,-0.423656165599823,0.9936363697052002
12,18,0.3977559506893158,0.6478586196899414,-0.4457269608974457,0.992351233959198
12,19,0.6097517013549805,0.6444079875946045,-0.45343899726867676,0.9941987991333008
12,20,0.40928173065185547,0.648316502571106,-0.4714325964450836,0.9933986663818359
12,21,0.602914571762085,0.6339616775512695,-0.4041908085346222,0.9913492202758789
12,22,0.41453203558921814,0.6351898908615112,-0.42089468240737915,0.9880117177963257
12,23,0.5191565752029419,0.567101240158081,0.013983647339046001,0.9999905824661255
12,24,0.46668651700019836,0.557634174823761,-0.014141852967441082,0.9999908208847046
12,25,0.550823986530304,0.6441502571105957,-0.3148973882198334,0.9934322834014893
12,26,0.46043533086776733,0.6375250220298767,-0.4043085277080536,0.9925669431686401
12,27,0.5300499200820923,0.7917150855064392,-0.06818769127130508,0.9847042560577393
12,28,0.46768462657928467,0.7996970415115356,-0.14595046639442444,0.9883217215538025
12,29,0.517758846282959,0.8145366311073303,-0.05163115635514259,0.9368065595626831
12,30,0.4744876027107239,0.8208044767379761,-0.12623707950115204,0.9134914875030518
12,31,0.551163375377655,0.8540226221084595,-0.18780417740345,0.9858512282371521
12,32,0.4580150842666626,0.8574539422988892,-0.26121819019317627,0.9833943843841553
13,0,0.5110456347465515,0.33883482217788696,-0.5178717970848083,0.999991774559021
13,1,0.516022801399231,0.3188008964061737,-0.49854838848114014,0.9999675750732422
13,2,0.5205907821655273,0.31899115443229675,-0.49872851371765137,0.9999560117721558
13,3,0.5235024094581604,0.3184967339038849,-0.49869075417518616,0.9999669790267944
13,4,0.5046167373657227,0.3163495361804962,-0.5028732419013977,0.9999866485595703
13,5,0.5011191368103027,0.3149568438529968,-0.5030866265296936,0.9999881982803345
13,6,0.49798429012298584,0.31392866373062134,-0.5031675696372986,0.999990701675415
13,7,0.5266736149787903,0.31945303082466125,-0.36384060978889465,0.9999606609344482
13,8,0.4910057485103607,0.31419631838798523,-0.3826349675655365,0.9999697208404541
13,9,0.517208993434906,0.35443535447120667,-0.46340611577033997,0.9999918937683105
13,10,0.5029598474502563,0.35339975357055664,-0.470231831073761,0.999995231628418
13,11,0.5518372654914856,0.4017111361026764,-0.24029441177845,0.9999943971633911
13,12,0.4517478942871094,0.39295724034309387,-0.27626073360443115,0.9999947547912598
13,13,0.5841851830482483,0.5118834972381592,-0.2516457736492157,0.9966347813606262
13,14,0.41297784447669983,0.4964238405227661,-0.3022460639476776,0.9981535077095032
13,15,0.605309009552002,0.6156014800071716,-0.38480135798454285,0.9968960285186768
13,16,0.40601128339767456,0.6123485565185547,-0.40607452392578125,0.9976294636726379
13,17,0.6158884167671204,0.6433574557304382,-0.41873231530189514,0.9932507872581482
13,18,0.40081197023391724,0.6506993770599365,-0.4442334473133087,0.994081437587738
13,19,0.6072770953178406,0.648079514503479,-0.447011798620224,0.9938886165618896
13,20,0.41212671995162964,0.648529589176178,-0.46650251746177673,0.9948861002922058
13,21,0.5973219275474548,0.6415797472000122,-0.3981722593307495,0.9908190369606018
13,22,0.41856661438941956,0.6377195715904236,-0.41711246967315674,0.9905664324760437
13,23,0.5199089050292969,0.5781576037406921,0.014853570610284805,0.9999849796295166
13,24,0.46546700596809387,0.5700162053108215,-0.015011773444712162,0.9999874830245972
13,25,0.5492815971374512,0.6386429071426392,-0.33700498938560486,0.9956982135772705
13,26,0.45925450325012207,0.6350675225257874,-0.41509202122688293,0.9954719543457031
13,27,0.530445396900177,0.793665885925293,-0.10150045901536942,0.9888609051704407
13,28,0.4684387147426605,0.7975141406059265,-0.16738289594650269,0.9916642904281616
13,29,0.5173356533050537,0.8163107633590698,-0.08557799458503723,0.9509788155555725
13,30,0.4776315987110138,0.8176876306533813,-0.1483587771654129,0.9322377443313599
13,31,0.5517128705978394,0.857369065284729,-0.22193139791488647,0.9894421100616455
13,32,0.46021780371665955,0.8602935075759888,-0.28411832451820374,0.9877468347549438
14,0,0.5073450207710266,0.332978755235672,-0.4767763316631317,0.9999856948852539
14,1,0.5126507878303528,0.31467878818511963,-0.45621681213378906,0.9999477863311768
14,2,0.5171124935150146,0.3147282898426056,-0.4563910663127899,0.999930739402771
14,3,0.5196755528450012,0.3146617114543915,-0.45635557174682617,0.99994957447052
14,4,0.5010402798652649,0.3136035203933716,-0.46053099632263184,0.9999767541885376
14,5,0.4973953664302826,0.31275030970573425,-0.46074187755584717,0.99997878074646
14,6,0.494363009929657,0.31197723746299744,-0.46081721782684326,0.9999833106994629
14,7,0.5236080288887024,0.31864747405052185,-0.3214617967605591,0.9999343156814575
14,8,0.4892483651638031,0.3143945038318634,-0.34011682868003845,0.9999405145645142
14,9,0.5137869715690613,0.3491848111152649,-0.42290323972702026,0.9999881982803345
14,10,0.5000231266021729,0.34813636541366577,-0.4297144114971161,0.9999923706054688
14,11,0.5485821962356567,0.4000367224216461,-0.20495884120464325,0.999994158744812
14,12,0.45251065492630005,0.39273184537887573,-0.23791289329528809,0.9999914169311523
14,13,0.5780307650566101,0.49754852056503296,-0.22368639707565308,0.9969298243522644
14,14,0.4159925878047943,0.4945884346961975,-0.26341137290000916,0.9963119626045227
14,15,0.6031555533409119,0.5942851901054382,-0.3771047294139862,0.9979475140571594
14,16,0.40887388586997986,0.6056203246116638,-0.37237080931663513,0.9955724477767944
14,17,0.6141861081123352,0.6257148385047913,-0.4131180942058563,0.9955436587333679
14,18,0.40280357003211975,0.6437522172927856,-0.4104693830013275,0.989739716053009
14,19,0.6083292365074158,0.6283268332481384,-0.44179806113243103,0.9960164427757263
14,20,0.41388368606567383,0.642330527305603,-0.4329637885093689,0.9909492135047913
14,21,0.5997175574302673,0.6190252304077148,-0.39115530252456665,0.9936580061912537
14,22,0.41952210664749146,0.6317088007926941,-0.38360878825187683,0.9838055372238159
14,23,0.5197449326515198,0.5824227929115295,0.012654835358262062,0.9999808073043823
14,24,0.4666745662689209,0.5763406753540039,-0.012834091670811176,0.9999809265136719
14,25,0.5482303500175476,0.6337500810623169,-0.35048994421958923,0.9958876967430115
14,26,0.45827716588974,0.6346718668937683,-0.424886554479599,0.9942016005516052
14,27,0.5335212349891663,0.7939231395721436,-0.12413757294416428,0.9881883263587952
14,28,0.4675809442996979,0.7962470054626465,-0.1854442059993744,0.9902369379997253
14,29,0.5212486982345581,0.8157764673233032,-0.10923983156681061,0.9353227019309998
14,30,0.4757242500782013,0.8213492035865784,-0.1674109250307083,0.9199710488319397
14,31,0.5507080554962158,0.8582601547241211,-0.24926401674747467,0.9879742860794067
14,32,0.4575546085834503,0.8537874817848206,-0.3053413927555084,0.9851318001747131
15,0,0.5037622451782227,0.3278501629829407,-0.4373686611652374,0.9999762773513794
15,1,0.5089558362960815,0.31095629930496216,-0.4167664647102356,0.999910831451416
15,2,0.5129687190055847,0.31115415692329407,-0.4169454872608185,0.9998862743377686
15,3,0.516568660736084,0.3116736114025116,-0.41688457131385803,0.9999134540557861
15,4,0.4977601170539856,0.30967432260513306,-0.4196755886077881,0.9999614953994751
15,5,0.4948669970035553,0.3094293475151062,-0.41990113258361816,0.9999674558639526
15,6,0.4917817711830139,0.30921441316604614,-0.4199843406677246,0.9999754428863525
15,7,0.5204026103019714,0.3168129324913025,-0.2881369888782501,0.9998525381088257
15,8,0.4880521297454834,0.3140721917152405,-0.3007187247276306,0.9998962879180908
15,9,0.5101697444915771,0.3455509841442108,-0.38646987080574036,0.999969482421875
15,10,0.4972415268421173,0.3439218997955322,-0.39162272214889526,0.9999825954437256
15,11,0.5462507605552673,0.40522265434265137,-0.18221868574619293,0.9999891519546509
15,12,0.45080479979515076,0.38987481594085693,-0.20660002529621124,0.9999901056289673
15,13,0.5776137113571167,0.5067448019981384,-0.20324477553367615,0.9911558628082275
15,14,0.4172234833240509,0.49036896228790283,-0.22053499519824982,0.9927493333816528
15,15,0.6023147702217102,0.6015943884849548,-0.35493555665016174,0.9913321733474731
15,16,0.4083143472671509,0.5967503786087036,-0.3197171688079834,0.993179202079773
15,17,0.6107644438743591,0.6314185857772827,-0.3894592821598053,0.9848286509513855
15,18,0.4026273488998413,0.6349934935569763,-0.3546642065048218,0.9853257536888123
15,19,0.603866457939148,0.6345232725143433,-0.4176979959011078,0.9864910840988159
15,20,0.4139712452888489,0.6339015364646912,-0.37759965658187866,0.9870873689651489
15,21,0.5974564552307129,0.6250934600830078,-0.36856764554977417,0.9798831343650818
15,22,0.4183405339717865,0.6227037310600281,-0.33098554611206055,0.9785184860229492
15,23,0.5168960094451904,0.5842550992965698,0.012360939756035805,0.9999799728393555
15,24,0.46357986330986023,0.5771621465682983,-0.012555486522614956,0.9999817609786987
15,25,0.5465518236160278,0.6310564875602722,-0.34194085001945496,0.9935904741287231
15,26,0.45736163854599,0.6303872466087341,-0.41865983605384827,0.9936006665229797
15,27,0.5329099893569946,0.7917633652687073,-0.13987234234809875,0.9859553575515747
15,28,0.46640321612358093,0.7975788116455078,-0.21128365397453308,0.9897644519805908
15,29,0.5199357867240906,0.8132672309875488,-0.12701468169689178,0.9313383102416992
15,30,0.47340357303619385,0.8264522552490234,-0.19584335386753082,0.9113415479660034
15,31,0.5513430237770081,0.8574426174163818,-0.2632802724838257,0.9868780970573425
15,32,0.4593953490257263,0.8545235395431519,-0.33133557438850403,0.9857410192489624
16,0,0.5008596777915955,0.3229087293148041,-0.4002367854118347,0.9999929666519165
16,1,0.506225049495697,0.3061234652996063,-0.3798382580280304,0.9999719858169556
16,2,0.5104597806930542,0.30670154094696045,-0.3800124228000641,0.9999638795852661
16,3,0.5137821435928345,0.30744317173957825,-0.37996500730514526,0.9999735355377197
16,4,0.49546369910240173,0.3045416474342346,-0.38300132751464844,0.9999880790710449
16,5,0.49229738116264343,0.30440014600753784,-0.38321879506111145,0.9999897480010986
16,6,0.48966822028160095,0.3043857216835022,-0.38329097628593445,0.9999920129776001
16,7,0.5183247923851013,0.31226879358291626,-0.2563265860080719,0.9999593496322632
16,8,0.4856845438480377,0.30947259068489075,-0.2701778709888458,0.9999668598175049
16,9,0.5075929760932922,0.33999401330947876,-0.35160622000694275,0.9999911785125732
16,10,0.49449804425239563,0.33923277258872986,-0.35708072781562805,0.9999946355819702
16,11,0.5425624847412109,0.40409761667251587,-0.1570599377155304,0.9999948740005493
16,12,0.4485585689544678,0.38976824283599854,-0.18247352540493011,0.9999945163726807
16,13,0.5735217332839966,0.5012203454971313,-0.16185472905635834,0.9965533018112183
16,14,0.417885422706604,0.49164891242980957,-0.19288890063762665,0.9958062171936035
16,15,0.5993480682373047,0.6013357639312744,-0.29012811183929443,0.9971773624420166
16,16,0.40818101167678833,0.5990898013114929,-0.2866024076938629,0.9970260262489319
16,17,0.608134925365448,0.6333301663398743,-0.32036715745925903,0.9942126870155334
16,18,0.40417224168777466,0.6371435523033142,-0.3191900849342346,0.9934955835342407
16,19,0.5989556908607483,0.6343181133270264,-0.34835267066955566,0.9948104619979858
16,20,0.4132755994796753,0.6353451013565063,-0.34333324432373047,0.9942381381988525
16,21,0.5920942425727844,0.6255407333374023,-0.3030426800251007,0.9922917485237122
16,22,0.4181421995162964,0.6228528022766113,-0.2981657385826111,0.9904536008834839
16,23,0.5146415829658508,0.5860466957092285,0.012398505583405495,0.9999874830245972
16,24,0.46157848834991455,0.5802524089813232,-0.01259469985961914,0.9999874830245972
16,25,0.5457952618598938,0.6313155889511108,-0.3231043815612793,0.9962098598480225
16,26,0.4551202952861786,0.6265215277671814,-0.40659481287002563,0.9959975481033325
16,27,0.5316452383995056,0.7930896282196045,-0.13820575177669525,0.9912543892860413
16,28,0.46679970622062683,0.7990204691886902,-0.21516317129135132,0.993115246295929
16,29,0.5188493728637695,0.8154646158218384,-0.1269025057554245,0.9592640995979309
16,30,0.4757305681705475,0.8237140774726868,-0.20104745030403137,0.9430557489395142
16,31,0.5524481534957886,0.8561094999313354,-0.2560901641845703,0.9918811917304993
16,32,0.4587720036506653,0.8566240072250366,-0.32871365547180176,0.9906718730926514
17,0,0.49941447377204895,0.3177488446235657,-0.37019968032836914,0.9999898672103882
17,1,0.5060571432113647,0.3024817109107971,-0.34962671995162964,0.9999643564224243
17,2,0.5093823075294495,0.30321580171585083,-0.349773645401001,0.9999529123306274
17,3,0.5129328966140747,0.3038438856601715,-0.3497501611709595,0.9999668598175049
17,4,0.4951605200767517,0.30042415857315063,-0.3531370162963867,0.9999830722808838
17,5,0.4920891225337982,0.2999661862850189,-0.3533426821231842,0.999984622001648
17,6,0.4888845384120941,0.299336314201355,-0.3534022271633148,0.9999879598617554
17,7,0.5159156322479248,0.30905240774154663,-0.2267448455095291,0.9999680519104004
17,8,0.48461291193962097,0.3042224943637848,-0.24233683943748474,0.9999644756317139
17,9,0.5049512386322021,0.3350939154624939,-0.3220054507255554,0.9999951124191284
17,10,0.4928160309791565,0.3320607841014862,-0.3278748393058777,0.999996542930603
17,11,0.5388150811195374,0.39651399850845337,-0.13247527182102203,0.999996542930603
17,12,0.4485815167427063,0.38439083099365234,-0.15319596230983734,0.9999942779541016
17,13,0.5689482092857361,0.4974963068962097,-0.14822688698768616,0.9988160133361816
17,14,0.42094820737838745,0.49328476190567017,-0.15930521488189697,0.9969409108161926
17,15,0.5908900499343872,0.5931890606880188,-0.29070064425468445,0.9994295239448547
17,16,0.41023847460746765,0.5984693765640259,-0.2518288791179657,0.9984338879585266
17,17,0.5986325144767761,0.6257427334785461,-0.32469624280929565,0.9986972212791443
17,18,0.4068855047225952,0.6386550068855286,-0.2834951877593994,0.9968211650848389
17,19,0.59001624584198,0.6243362426757812,-0.351301908493042,0.9988310933113098
17,20,0.41501641273498535,0.6351548433303833,-0.3086060583591461,0.9972891807556152
17,21,0.584129810333252,0.6149017214775085,-0.3036760091781616,0.998082160949707
17,22,0.4197138845920563,0.6213995218276978,-0.26365238428115845,0.9953559637069702
17,23,0.5134103298187256,0.5847022533416748,0.01098992582410574,0.9999861717224121
17,24,0.46061307191848755,0.5787232518196106,-0.011212730780243874,0.9999855756759644
17,25,0.5446791648864746,0.626630961894989,-0.3417588174343109,0.9979724287986755
17,26,0.4521517753601074,0.6201708316802979,-0.40809881687164307,0.9976671934127808
17,27,0.5312620401382446,0.7902164459228516,-0.17040367424488068,0.9924012422561646
17,28,0.4676666855812073,0.7971771359443665,-0.23500695824623108,0.9950379729270935
17,29,0.5198920965194702,0.8137702345848083,-0.16006532311439514,0.9543565511703491
17,30,0.4741635024547577,0.8191671967506409,-0.22286777198314667,0.9492067694664001
17,31,0.5504857301712036,0.8539177775382996,-0.2943632900714874,0.9933146834373474
17,32,0.4595845341682434,0.8565260171890259,-0.35770881175994873,0.9931842684745789
18,0,0.49783217906951904,0.3141447901725769,-0.42745086550712585,0.9999943971633911
18,1,0.5036867260932922,0.3001587986946106,-0.40721848607063293,0.9999808073043823
18,2,0.507244348526001,0.3008366823196411,-0.4073709547519684,0.9999741315841675
18,3,0.5105248689651489,0.30155864357948303,-0.4073425233364105,0.9999823570251465
18,4,0.493105947971344,0.297865092754364,-0.4103981852531433,0.9999905824661255
18,5,0.4899533987045288,0.2973480522632599,-0.4106088876724243,0.9999911785125732
18,6,0.4869304597377777,0.29678288102149963,-0.41066813468933105,0.9999932050704956
18,7,0.5142238140106201,0.3061375021934509,-0.2805423140525818,0.999981164932251
18,8,0.48318973183631897,0.30187538266181946,-0.294559508562088,0.9999750852584839
18,9,0.5033688545227051,0.33161789178848267,-0.3774140179157257,0.9999972581863403
18,10,0.49094581604003906,0.3285740911960602,-0.38283491134643555,0.9999979734420776
18,11,0.5373455882072449,0.39607012271881104,-0.1739591360092163,0.9999980926513672
18,12,0.44905030727386475,0.38295239210128784,-0.19808964431285858,0.999996542930603
18,13,0.5669658184051514,0.5030691623687744,-0.18153241276741028,0.9991273283958435
18,14,0.4222128391265869,0.49761277437210083,-0.21164362132549286,0.9968340992927551
18,15,0.5857131481170654,0.5946399569511414,-0.32004448771476746,0.9994470477104187
18,16,0.41070249676704407,0.602386474609375,-0.3169237971305847,0.9976479411125183
18,17,0.5935342311859131,0.6273671388626099,-0.3541620373725891,0.998584508895874
18,18,0.40702930092811584,0.6426171064376831,-0.3523276150226593,0.994839608669281
18,19,0.5860658288002014,0.6265101432800293,-0.3828405439853668,0.9987205862998962
18,20,0.4130883812904358,0.6410806179046631,-0.3781943619251251,0.9955878257751465
18,21,0.5805881023406982,0.6183839440345764,-0.33355531096458435,0.9978731870651245
18,22,0.4177791476249695,0.6266535520553589,-0.32940804958343506,0.9922454953193665
18,23,0.5115084052085876,0.5800226926803589,0.013687539845705032,0.9999926090240479
18,24,0.45867210626602173,0.572388768196106,-0.013908816501498222,0.9999920129776001
18,25,0.5438135862350464,0.6290942430496216,-0.3557059168815613,0.9978874325752258
18,26,0.45252034068107605,0.6259168982505798,-0.4191245138645172,0.9974946975708008
18,27,0.53178870677948,0.7909997701644897,-0.1575077772140503,0.9897051453590393
18,28,0.4659385681152344,0.7941002249717712,-0.23008234798908234,0.9949073195457458
18,29,0.5214384198188782,0.8134234547615051,-0.14508065581321716,0.939179539680481
18,30,0.4753863513469696,0.8167541027069092,-0.21702128648757935,0.9415937662124634
18,31,0.5512620210647583,0.855216920375824,-0.28533458709716797,0.9919375777244568
18,32,0.4606022834777832,0.8583320379257202,-0.3598230183124542,0.9935556054115295
19,0,0.4958771765232086,0.3111247420310974,-0.3941400945186615,0.9999948740005493
19,1,0.5017577409744263,0.2972516119480133,-0.37403440475463867,0.9999828338623047
19,2,0.5055018663406372,0.29806607961654663,-0.3741813004016876,0.9999771118164062
19,3,0.5086109042167664,0.2989790439605713,-0.3741539716720581,0.9999841451644897
19,4,0.4911215305328369,0.29562482237815857,-0.37749558687210083,0.999991774559021
19,5,0.48794806003570557,0.29562100768089294,-0.37769728899002075,0.9999926090240479
19,6,0.4852447509765625,0.2954716682434082,-0.3777543902397156,0.9999943971633911
19,7,0.5128237009048462,0.30389222502708435,-0.25200939178466797,0.999983549118042
19,8,0.48111653327941895,0.30031412839889526,-0.2674773335456848,0.9999796152114868
19,9,0.5015462636947632,0.32780909538269043,-0.3461959660053253,0.999997615814209
19,10,0.4889760911464691,0.32545292377471924,-0.35199230909347534,0.9999982118606567
19,11,0.5369639992713928,0.39458930492401123,-0.15391555428504944,0.9999983310699463
19,12,0.44723543524742126,0.38515999913215637,-0.1823258101940155,0.9999972581863403
19,13,0.5624192357063293,0.49858349561691284,-0.1566520780324936,0.998856782913208
19,14,0.4227777123451233,0.5003822445869446,-0.21256862580776215,0.9973289966583252
19,15,0.5780906081199646,0.5993053317070007,-0.28379562497138977,0.9991739392280579
19,16,0.4107314944267273,0.6017061471939087,-0.33144304156303406,0.9980453252792358
19,17,0.5852513313293457,0.6307433843612671,-0.3153771162033081,0.9979698061943054
19,18,0.40471169352531433,0.6398562788963318,-0.36913928389549255,0.9956982135772705
19,19,0.5805631875991821,0.6292711496353149,-0.34484589099884033,0.9981892704963684
19,20,0.4110589027404785,0.6388130784034729,-0.3938415050506592,0.9963099360466003
19,21,0.5736117362976074,0.6204134821891785,-0.29745084047317505,0.997072696685791
19,22,0.41628825664520264,0.6250683665275574,-0.344087690114975,0.9934080839157104
19,23,0.5120007395744324,0.5832096934318542,0.013910568319261074,0.999995231628418
19,24,0.45889589190483093,0.5771277546882629,-0.014134522527456284,0.9999948740005493
19,25,0.5429239869117737,0.6315760612487793,-0.35756680369377136,0.9988434314727783
19,26,0.45123064517974854,0.6263710856437683,-0.406203031539917,0.9981946349143982
19,27,0.5326047539710999,0.7931311130523682,-0.16181203722953796,0.9924799203872681
19,28,0.46404629945755005,0.7931860089302063,-0.21485918760299683,0.9952622652053833
19,29,0.5223772525787354,0.8146848678588867,-0.14912544190883636,0.9542306065559387
19,30,0.47235289216041565,0.8146548271179199,-0.20119833946228027,0.9447456002235413
19,31,0.5516422390937805,0.8571127653121948,-0.28446996212005615,0.9943742752075195
19,32,0.46204614639282227,0.8619492053985596,-0.3384407162666321,0.9943495392799377
20,0,0.4934617280960083,0.307752788066864,-0.3703479766845703,0.9999769926071167
20,1,0.49999821186065674,0.29229098558425903,-0.3501359224319458,0.9999140501022339
20,2,0.5034505724906921,0.29229095578193665,-0.35028788447380066,0.9998903274536133
20,3,0.5072325468063354,0.29262927174568176,-0.350250244140625,0.9999175071716309
20,4,0.48964643478393555,0.2928796708583832,-0.35162830352783203,0.9999637603759766
20,5,0.486983060836792,0.2930580675601959,-0.35185667872428894,0.9999710321426392
20,6,0.4844750463962555,0.2931305766105652,-0.35194385051727295,0.9999794960021973
20,7,0.5119503736495972,0.29972320795059204,-0.2317037433385849,0.9999032020568848
20,8,0.4811440408229828,0.2990327775478363,-0.23811374604701996,0.99992835521698
20,9,0.49998486042022705,0.3235509693622589,-0.32421186566352844,0.9999843835830688
20,10,0.4887562096118927,0.3228152394294739,-0.3274552822113037,0.9999903440475464
20,11,0.5377292633056641,0.3987167775630951,-0.13932643830776215,0.9999935626983643
20,12,0.4476938247680664,0.3853398263454437,-0.1542149782180786,0.9999951124191284
20,13,0.5604560971260071,0.5126092433929443,-0.13482679426670074,0.99237060546875
20,14,0.42506206035614014,0.5040366053581238,-0.16327010095119476,0.9901508092880249
20,15,0.5750733613967896,0.6117722392082214,-0.24487845599651337,0.9918107986450195
20,16,0.4109792411327362,0.6039550304412842,-0.26349854469299316,0.9941058158874512
20,17,0.5805413722991943,0.6412245631217957,-0.2721593677997589,0.9848605394363403
20,18,0.4062415361404419,0.6438485383987427,-0.29603272676467896,0.9886510372161865
20,19,0.578734815120697,0.6396833658218384,-0.30237630009651184,0.9866591691970825
20,20,0.40924686193466187,0.6446709036827087,-0.32186639308929443,0.9903297424316406
20,21,0.5726071000099182,0.6307998299598694,-0.25831300020217896,0.9807615876197815
20,22,0.4146861433982849,0.6305850148200989,-0.2761612832546234,0.9843136072158813
20,23,0.5117560029029846,0.5819545984268188,0.010105597786605358,0.9999911785125732
20,24,0.4582335948944092,0.5751070380210876,-0.010307560674846172,0.9999923706054688
20,25,0.5419439077377319,0.6296544671058655,-0.35939815640449524,0.997761607170105
20,26,0.45197534561157227,0.6198213696479797,-0.40385329723358154,0.996616780757904
20,27,0.533162534236908,0.7961808443069458,-0.16844967007637024,0.9863864183425903
20,28,0.4568071663379669,0.7858444452285767,-0.22165411710739136,0.9922502040863037
20,29,0.5224007368087769,0.8181367516517639,-0.1559155434370041,0.9222937226295471
20,30,0.4615931510925293,0.8098921775817871,-0.2083779275417328,0.9170640707015991
20,31,0.5487991571426392,0.8566023111343384,-0.2903660833835602,0.9896906614303589
20,32,0.44901034235954285,0.8490042686462402,-0.3436989188194275,0.9911110997200012
21,0,0.49539586901664734,0.3067556619644165,-0.3202766180038452,0.9998960494995117
21,1,0.5008940100669861,0.2910996377468109,-0.2998230755329132,0.99959796667099
21,2,0.5049598217010498,0.2912966310977936,-0.29995977878570557,0.9994208812713623
21,3,0.5081732869148254,0.2915973961353302,-0.29992297291755676,0.999539852142334
21,4,0.49055492877960205,0.2912428081035614,-0.3018806576728821,0.9998772144317627
21,5,0.4874674677848816,0.2916686236858368,-0.3021303713321686,0.9999092817306519
21,6,0.48512113094329834,0.2921806573867798,-0.30223602056503296,0.999946117401123
21,7,0.5126625299453735,0.2970147132873535,-0.18491479754447937,0.9994202852249146
21,8,0.48101791739463806,0.2979610562324524,-0.19443844258785248,0.9998340606689453
21,9,0.5017483830451965,0.32313236594200134,-0.2757888734340668,0.9999048709869385
21,10,0.48998868465423584,0.3228376805782318,-0.27986985445022583,0.9999598264694214
21,11,0.5377612113952637,0.3989603817462921,-0.09926795214414597,0.9999716281890869
21,12,0.4483121335506439,0.3857312798500061,-0.11896674335002899,0.9999955892562866
21,13,0.555496335029602,0.5137611031532288,-0.07862827181816101,0.8390012383460999
21,14,0.427619993686676,0.5019239187240601,-0.12521706521511078,0.9759751558303833
21,15,0.570232629776001,0.6192852258682251,-0.1487044245004654,0.6576352119445801
21,16,0.40968894958496094,0.6047912240028381,-0.21468742191791534,0.9914199113845825
21,17,0.5713478922843933,0.6430163383483887,-0.16573771834373474,0.6038689613342285
21,18,0.40505707263946533,0.6429650783538818,-0.24234449863433838,0.9858207702636719
21,19,0.5700358748435974,0.6431111097335815,-0.19476105272769928,0.627841591835022
21,20,0.4071710705757141,0.644844114780426,-0.2666013538837433,0.9874725341796875
21,21,0.5676207542419434,0.6377332210540771,-0.1607716679573059,0.5902366042137146
21,22,0.4113636612892151,0.6318033337593079,-0.22629092633724213,0.9787442088127136
21,23,0.5126378536224365,0.582532525062561,0.008888166397809982,0.9999923706054688
21,24,0.4593941867351532,0.5768041610717773,-0.009092479944229126,0.9999960660934448
21,25,0.5430916547775269,0.6316559314727783,-0.34523096680641174,0.9977287650108337
21,26,0.45138460397720337,0.6245936155319214,-0.3859933316707611,0.9956948757171631
21,27,0.5333784818649292,0.7956393957138062,-0.1755366176366806,0.9899808764457703
21,28,0.4530593156814575,0.7970317006111145,-0.24246476590633392,0.993804931640625
21,29,0.521618127822876,0.8154009580612183,-0.16444772481918335,0.9539722204208374
21,30,0.4588600695133209,0.8211546540260315,-0.23298051953315735,0.9255449175834656
21,31,0.5512989163398743,0.8556059002876282,-0.2880728244781494,0.9919301867485046
21,32,0.44419750571250916,0.8551185131072998,-0.3669350743293762,0.9923312664031982
22,0,0.495403528213501,0.3067483603954315,-0.3032597005367279,0.9997624754905701
22,1,0.5006455779075623,0.2932722568511963,-0.28211238980293274,0.9992401599884033
22,2,0.5045315027236938,0.2936537265777588,-0.28224146366119385,0.9988738894462585
22,3,0.5075877904891968,0.29417601227760315,-0.28220826387405396,0.9991720914840698
22,4,0.49089694023132324,0.2928210496902466,-0.28558051586151123,0.999744713306427
22,5,0.4876727759838104,0.2929633557796478,-0.28582704067230225,0.9998020529747009
22,6,0.4851737916469574,0.29320648312568665,-0.2859240472316742,0.9998860359191895
22,7,0.5120770931243896,0.2992635667324066,-0.16553296148777008,0.9990559220314026
22,8,0.4809175729751587,0.2979009747505188,-0.18164919316768646,0.9996641874313354
22,9,0.5016047954559326,0.323247492313385,-0.258052796125412,0.9998555183410645
22,10,0.4902781546115875,0.3218415677547455,-0.2640257775783539,0.9999338388442993
22,11,0.5363345146179199,0.3971806764602661,-0.08116649091243744,0.9999686479568481
22,12,0.4479658305644989,0.388408899307251,-0.10445607453584671,0.9999936819076538
22,13,0.5512166023254395,0.5127105712890625,-0.06983383744955063,0.7945639491081238
22,14,0.4296351671218872,0.505153238773346,-0.11306679248809814,0.9598067402839661
22,15,0.5645618438720703,0.6222401261329651,-0.15276044607162476,0.6259190440177917
22,16,0.41021475195884705,0.6091028451919556,-0.20262864232063293,0.9822899699211121
22,17,0.5633722543716431,0.6513791084289551,-0.17228329181671143,0.5754939913749695
22,18,0.4064285457134247,0.6487618684768677,-0.229813352227211,0.9735571146011353
22,19,0.5628345608711243,0.6523359417915344,-0.19983217120170593,0.5926733016967773
22,20,0.40733009576797485,0.6498316526412964,-0.25341078639030457,0.9761729836463928
22,21,0.5614146590232849,0.6456516981124878,-0.16461315751075745,0.5332700610160828
22,22,0.4104420244693756,0.6375864744186401,-0.21371036767959595,0.9584068059921265
22,23,0.5134412050247192,0.5824893712997437,0.00840912014245987,0.9999954700469971
22,24,0.4606115520000458,0.5789462327957153,-0.008630462922155857,0.9999974966049194
22,25,0.5453764796257019,0.6298033595085144,-0.3703537583351135,0.998404324054718
22,26,0.44772884249687195,0.6212683916091919,-0.4119914174079895,0.9966828227043152
22,27,0.5323792695999146,0.7919372320175171,-0.20606277883052826,0.9936782717704773
22,28,0.4539327919483185,0.7980164289474487,-0.27569958567619324,0.9957365989685059
22,29,0.5218759775161743,0.8125622272491455,-0.19562752544879913,0.9690901637077332
22,30,0.4610556364059448,0.8203901052474976,-0.2673070430755615,0.9454212188720703
22,31,0.5509003400802612,0.8536678552627563,-0.3236291706562042,0.99479079246521
22,32,0.4450516402721405,0.8560067415237427,-0.40654873847961426,0.9944986701011658
23,0,0.49494341015815735,0.3091641962528229,-0.28229737281799316,0.9996883869171143
23,1,0.5009172558784485,0.2944957911968231,-0.26165276765823364,0.9989485144615173
23,2,0.5044704079627991,0.2946871519088745,-0.261770635843277,0.9983199238777161
23,3,0.5079071521759033,0.2949191927909851,-0.26173704862594604,0.9987216591835022
23,4,0.4909142255783081,0.29444196820259094,-0.26386159658432007,0.9997016787528992
23,5,0.4881126582622528,0.2946244478225708,-0.2641168236732483,0.9997774958610535
23,6,0.4858018159866333,0.2946566045284271,-0.26422837376594543,0.9998847246170044
23,7,0.5124709010124207,0.2998359501361847,-0.14811491966247559,0.9983838796615601
23,8,0.48194947838783264,0.29958847165107727,-0.15860670804977417,0.9996607303619385
23,9,0.5011041164398193,0.32443076372146606,-0.23838308453559875,0.9997931122779846
23,10,0.4899640381336212,0.3231271207332611,-0.24274085462093353,0.9999222755432129
23,11,0.5368704199790955,0.3988131284713745,-0.06855902075767517,0.9999507665634155
23,12,0.4503497779369354,0.38665270805358887,-0.08446971327066422,0.9999953508377075
23,13,0.5493754744529724,0.5121208429336548,-0.05600309744477272,0.5934237837791443
23,14,0.43131113052368164,0.5026030540466309,-0.0900612622499466,0.9494251608848572
23,15,0.5579933524131775,0.6166695952415466,-0.13296863436698914,0.3165621757507324
23,16,0.4117089509963989,0.6096753478050232,-0.1823139190673828,0.9832426309585571
23,17,0.5563836693763733,0.6391217708587646,-0.1514604389667511,0.30394110083580017
23,18,0.4073343276977539,0.6495323777198792,-0.2091621607542038,0.9755411148071289
23,19,0.5562340617179871,0.6403414011001587,-0.177359938621521,0.31913816928863525
23,20,0.41112959384918213,0.6489775776863098,-0.2320408672094345,0.9779077172279358
23,21,0.5549852252006531,0.636827826499939,-0.14392347633838654,0.27551186084747314
23,22,0.4151795208454132,0.6369675993919373,-0.19308634102344513,0.9606162309646606
23,23,0.513964056968689,0.582552433013916,0.006346015725284815,0.9999940395355225
23,24,0.4613109230995178,0.5793050527572632,-0.006555184256285429,0.999997615814209
23,25,0.5443900227546692,0.6296446919441223,-0.36990711092948914,0.9969274401664734
23,26,0.44829171895980835,0.6208968162536621,-0.40980497002601624,0.9952185750007629
23,27,0.5330445170402527,0.7906860113143921,-0.2085752785205841,0.9848939776420593
23,28,0.45309028029441833,0.7974117994308472,-0.306906521320343,0.9941102862358093
23,29,0.5209472179412842,0.8097658753395081,-0.19777578115463257,0.9399051070213318
23,30,0.4605695605278015,0.8205207586288452,-0.30157700181007385,0.9263298511505127
23,31,0.5501292943954468,0.8564680814743042,-0.319760799407959,0.9882694482803345
23,32,0.4449377954006195,0.8552587032318115,-0.44310998916625977,0.9925196170806885
24,0,0.4962523579597473,0.3057889938354492,-0.26101475954055786,0.9999349117279053
24,1,0.5015767216682434,0.2926325798034668,-0.23764443397521973,0.9997944235801697
24,2,0.5052114129066467,0.29368239641189575,-0.23776115477085114,0.9996907711029053
24,3,0.5084865689277649,0.2945443391799927,-0.23771174252033234,0.9997550845146179
24,4,0.49218809604644775,0.28983551263809204,-0.24262572824954987,0.9999399185180664
24,5,0.48909106850624084,0.2893427610397339,-0.24288879334926605,0.9999555349349976
24,6,0.4863465428352356,0.28915372490882874,-0.24299953877925873,0.9999744892120361
24,7,0.51309734582901,0.3004309833049774,-0.1167762503027916,0.9996814727783203
24,8,0.4815181493759155,0.2962229251861572,-0.14008133113384247,0.9999295473098755
24,9,0.5013914108276367,0.32206475734710693,-0.2147219479084015,0.9999542236328125
24,10,0.4895156919956207,0.32032230496406555,-0.2227974683046341,0.9999825954437256
24,11,0.5343482494354248,0.3930819034576416,-0.028280384838581085,0.9999760389328003
24,12,0.44989609718322754,0.38614600896835327,-0.07054544240236282,0.9999974966049194
24,13,0.5467392206192017,0.5052412748336792,0.009952820837497711,0.662348210811615
24,14,0.4314071834087372,0.5049930810928345,-0.06938298046588898,0.9808701872825623
24,15,0.5535153150558472,0.6076886057853699,-0.05108584463596344,0.6170855760574341
24,16,0.41305992007255554,0.6111456751823425,-0.15291467308998108,0.9950998425483704
24,17,0.5519048571586609,0.6323715448379517,-0.06400094926357269,0.5887777209281921
24,18,0.40867042541503906,0.6497316956520081,-0.17884203791618347,0.9917124509811401
24,19,0.5518724918365479,0.6321758031845093,-0.0920909121632576,0.6080855131149292
24,20,0.41377022862434387,0.6482750773429871,-0.2003151774406433,0.9924301505088806
24,21,0.5504634976387024,0.6270423531532288,-0.062328189611434937,0.5460692048072815
24,22,0.41836172342300415,0.6350061297416687,-0.1627025008201599,0.9852402210235596
24,23,0.5125389099121094,0.5792005062103271,0.011650681495666504,0.999994158744812
24,24,0.46115750074386597,0.5782430768013,-0.011869404464960098,0.9999971389770508
24,25,0.5433733463287354,0.630222737789154,-0.36481890082359314,0.9985520243644714
24,26,0.44774699211120605,0.6250766515731812,-0.4137837290763855,0.9971154928207397
24,27,0.5328523516654968,0.7924012541770935,-0.2188354879617691,0.9950324296951294
24,28,0.45333826541900635,0.7956135272979736,-0.284030944108963,0.9961414933204651
24,29,0.5226091742515564,0.8145409822463989,-0.20986761152744293,0.973105251789093
24,30,0.46108174324035645,0.8167304992675781,-0.27579250931739807,0.9464002847671509
24,31,0.5505504012107849,0.8531677722930908,-0.33593377470970154,0.9962420463562012
24,32,0.44423699378967285,0.8580712676048279,-0.41164252161979675,0.9955339431762695
25,0,0.4960753619670868,0.30648282170295715,-0.2737973928451538,0.999908447265625
25,1,0.5018430352210999,0.2930264472961426,-0.25134214758872986,0.9997037053108215
25,2,0.505230724811554,0.2939099073410034,-0.25145798921585083,0.9995436072349548
25,3,0.508829653263092,0.29496076703071594,-0.2514151334762573,0.9996473789215088
25,4,0.4918440580368042,0.29116904735565186,-0.2550869286060333,0.9999126195907593
25,5,0.4889760911464691,0.29105180501937866,-0.2553379237651825,0.9999345541000366
25,6,0.4860476553440094,0.2911074757575989,-0.25544455647468567,0.9999641180038452
25,7,0.513745903968811,0.30182936787605286,-0.13305117189884186,0.9995766282081604
25,8,0.48189422488212585,0.2967376112937927,-0.15060113370418549,0.9999052286148071
25,9,0.5020235180854797,0.32379814982414246,-0.2283851057291031,0.9999442100524902
25,10,0.4893916845321655,0.32104918360710144,-0.23477338254451752,0.99997878074646
25,11,0.5349050760269165,0.3949233889579773,-0.04764863848686218,0.9999747276306152
25,12,0.4503098130226135,0.3877822160720825,-0.07920484244823456,0.9999972581863403
25,13,0.5470966100692749,0.5116029381752014,-0.019771220162510872,0.7240390777587891
25,14,0.43145009875297546,0.5055705308914185,-0.08057811111211777,0.9814310073852539
25,15,0.5526379346847534,0.6154590249061584,-0.08881470561027527,0.6322306394577026
25,16,0.41466131806373596,0.6106522679328918,-0.16848230361938477,0.9955683350563049
25,17,0.5501877665519714,0.64436274766922,-0.10497768223285675,0.5989313721656799
25,18,0.4099465012550354,0.6479880809783936,-0.1957746297121048,0.9926040768623352
25,19,0.5503646731376648,0.64529949426651,-0.13185806572437286,0.6162807941436768
25,20,0.41521745920181274,0.6469929814338684,-0.21714483201503754,0.9933083057403564
25,21,0.5488250255584717,0.6365168690681458,-0.09983693808317184,0.5535405874252319
25,22,0.41987454891204834,0.6342999935150146,-0.1784297227859497,0.9870500564575195
25,23,0.5127079486846924,0.5814874768257141,0.010094188153743744,0.9999948740005493
25,24,0.460534930229187,0.5799107551574707,-0.01030252780765295,0.9999977350234985
25,25,0.5431399345397949,0.6299104690551758,-0.36275792121887207,0.9984623193740845
25,26,0.4486931264400482,0.6271169185638428,-0.4112219512462616,0.9972155094146729
25,27,0.5322909951210022,0.7892681956291199,-0.19467850029468536,0.9930824041366577
25,28,0.45444223284721375,0.7935310006141663,-0.2702194154262543,0.9956947565078735
25,29,0.520999550819397,0.8102443218231201,-0.18308742344379425,0.9645123481750488
25,30,0.46185848116874695,0.814908504486084,-0.26051953434944153,0.9410858750343323
25,31,0.55076003074646,0.8551883101463318,-0.30435776710510254,0.9946999549865723
25,32,0.4444149136543274,0.8562703132629395,-0.3939654231071472,0.9948678016662598
26,0,0.49696415662765503,0.3063923120498657,-0.2637101411819458,0.9999289512634277
26,1,0.5028624534606934,0.29269102215766907,-0.2411571890115738,0.999762237071991
26,2,0.5062386393547058,0.29364722967147827,-0.2412707805633545,0.999642014503479
26,3,0.5098735690116882,0.29460909962654114,-0.2412288933992386,0.9997178912162781
26,4,0.4922108054161072,0.29106348752975464,-0.24559049308300018,0.9999297857284546
26,5,0.4893280565738678,0.29095637798309326,-0.24584145843982697,0.9999480247497559
26,6,0.4864341914653778,0.2908797264099121,-0.24594858288764954,0.9999704360961914
26,7,0.5134290456771851,0.3005090057849884,-0.1234128400683403,0.9996672868728638
26,8,0.48194336891174316,0.2960980236530304,-0.14402738213539124,0.9999245405197144
26,9,0.5025328397750854,0.32376500964164734,-0.21853649616241455,0.9999556541442871
26,10,0.4898368716239929,0.32100364565849304,-0.22581475973129272,0.9999830722808838
26,11,0.534652829170227,0.39492109417915344,-0.038999252021312714,0.9999781847000122
26,12,0.45040151476860046,0.38646048307418823,-0.07450655847787857,0.9999973773956299
26,13,0.5467745065689087,0.5092788934707642,-0.009735343977808952,0.7603801488876343
26,14,0.43129247426986694,0.5038493871688843,-0.07589461654424667,0.9848568439483643
26,15,0.5521495938301086,0.6123281121253967,-0.07752659171819687,0.7044363021850586
26,16,0.41452494263648987,0.6105080842971802,-0.16138365864753723,0.9962471127510071
26,17,0.5494681000709534,0.6432016491889954,-0.09295526146888733,0.6671462655067444
26,18,0.40951812267303467,0.6479929089546204,-0.18813002109527588,0.9936136603355408
26,19,0.5497437715530396,0.643913984298706,-0.12022541463375092,0.6846784949302673
26,20,0.4153154492378235,0.6467198729515076,-0.20931069552898407,0.9942201375961304
26,21,0.5484574437141418,0.6341493129730225,-0.08872570097446442,0.6265280842781067
26,22,0.42035651206970215,0.634199321269989,-0.17119981348514557,0.9887780547142029
26,23,0.5129680633544922,0.5801223516464233,0.010536499321460724,0.9999942779541016
26,24,0.46144869923591614,0.5780518054962158,-0.010743251070380211,0.9999973773956299
26,25,0.5426798462867737,0.6309942603111267,-0.35758844017982483,0.9986240863800049
26,26,0.4497198164463043,0.6235637664794922,-0.40631723403930664,0.9973942041397095
26,27,0.5326717495918274,0.7895186543464661,-0.20174559950828552,0.9940111041069031
26,28,0.4545446038246155,0.7943147420883179,-0.2796317934989929,0.9961434602737427
26,29,0.5213761925697327,0.8112578392028809,-0.19151170551776886,0.9682226181030273
26,30,0.46143460273742676,0.8171634674072266,-0.2715635597705841,0.9454680681228638
26,31,0.5505571365356445,0.8544737100601196,-0.313048392534256,0.9954349398612976
26,32,0.4448223114013672,0.8526756763458252,-0.40555036067962646,0.995465874671936
27,0,0.4974689185619354,0.30717647075653076,-0.27362382411956787,0.9999336004257202
27,1,0.5031514763832092,0.2934451103210449,-0.2508724629878998,0.9997827410697937
27,2,0.5065597295761108,0.2943864166736603,-0.25098365545272827,0.9996625185012817
27,3,0.5100269317626953,0.29527291655540466,-0.25094252824783325,0.9997369647026062
27,4,0.492719441652298,0.29184091091156006,-0.2552412152290344,0.9999356269836426
27,5,0.4898044168949127,0.29169541597366333,-0.2554895281791687,0.9999517202377319
27,6,0.4871186912059784,0.2916402220726013,-0.2555948793888092,0.9999731779098511
27,7,0.5134339928627014,0.30068090558052063,-0.13103601336479187,0.9996923208236694
27,8,0.4823642671108246,0.2970336079597473,-0.15137703716754913,0.9999287128448486
27,9,0.5029952526092529,0.3242344558238983,-0.22762544453144073,0.9999598264694214
27,10,0.4905926287174225,0.32169100642204285,-0.23481591045856476,0.9999845027923584
27,11,0.5346968770027161,0.39489760994911194,-0.044973403215408325,0.9999792575836182
27,12,0.452013224363327,0.3858170509338379,-0.08104165643453598,0.999997615814209
27,13,0.5472357869148254,0.5127508640289307,-0.018132155761122704,0.7857844233512878
27,14,0.4314191937446594,0.503262996673584,-0.08698485791683197,0.9860482215881348
27,15,0.5497291088104248,0.6149720549583435,-0.09125663340091705,0.7024967074394226
27,16,0.4148746728897095,0.6104638576507568,-0.1793554276227951,0.9959160685539246
27,17,0.5483087301254272,0.6435657143592834,-0.10821107029914856,0.6578201651573181
27,18,0.41042155027389526,0.6479067206382751,-0.20780132710933685,0.9928399324417114
27,19,0.5480091571807861,0.6442787647247314,-0.13495349884033203,0.6744363903999329
27,20,0.41571879386901855,0.6468110680580139,-0.22890974581241608,0.9935287833213806
27,21,0.5465229153633118,0.6354214549064636,-0.10237735509872437,0.6147403717041016
27,22,0.4203489422798157,0.6340011358261108,-0.18933796882629395,0.98748779296875
27,23,0.5127847790718079,0.5808475017547607,0.011697949841618538,0.9999949932098389
27,24,0.4613623321056366,0.5777220726013184,-0.011904913000762463,0.9999978542327881
27,25,0.5426028370857239,0.6307691931724548,-0.35737764835357666,0.9984424710273743
27,26,0.44995978474617004,0.6251441240310669,-0.40738868713378906,0.9975503087043762
27,27,0.5330910682678223,0.7902330756187439,-0.18690499663352966,0.9918288588523865
27,28,0.45390060544013977,0.7943148016929626,-0.27558302879333496,0.9960902333259583
27,29,0.5216966271400452,0.8093559741973877,-0.1750263273715973,0.959260106086731
27,30,0.4600105583667755,0.8167783617973328,-0.26697203516960144,0.9423995018005371
27,31,0.549851655960083,0.8564050197601318,-0.29595044255256653,0.9938283562660217
27,32,0.44551777839660645,0.8558121919631958,-0.4031568169593811,0.9952147006988525
28,0,0.49862414598464966,0.30712127685546875,-0.25273650884628296,0.9998700618743896
28,1,0.5039761066436768,0.29403790831565857,-0.2299129217863083,0.9995761513710022
28,2,0.507666826248169,0.29506152868270874,-0.23002496361732483,0.9993512034416199
28,3,0.5107119083404541,0.2959269881248474,-0.22998158633708954,0.999487042427063
28,4,0.49366265535354614,0.2918340861797333,-0.23461566865444183,0.9998782873153687
28,5,0.4904278814792633,0.2914365231990814,-0.23486550152301788,0.9999104738235474
28,6,0.4877389669418335,0.2912639081478119,-0.2349715679883957,0.9999504089355469
28,7,0.5140212178230286,0.3012513220310211,-0.1133410632610321,0.9994016885757446
28,8,0.4826747477054596,0.2964572310447693,-0.13531309366226196,0.9998770952224731
28,9,0.5037930607795715,0.32425180077552795,-0.2081994116306305,0.9999164342880249
28,10,0.491299569606781,0.32140690088272095,-0.21586178243160248,0.9999692440032959
28,11,0.5349359512329102,0.3958796262741089,-0.033042825758457184,0.9999662637710571
28,12,0.4500214159488678,0.38746756315231323,-0.06740060448646545,0.999996542930603
28,13,0.5475918054580688,0.5151292085647583,-0.007317203097045422,0.6409085988998413
28,14,0.4314788281917572,0.5041097402572632,-0.06814252585172653,0.9780496954917908
28,15,0.5534654259681702,0.6177797913551331,-0.07285843044519424,0.5153510570526123
28,16,0.41416648030281067,0.6109034419059753,-0.14815367758274078,0.9949855804443359
28,17,0.5508144497871399,0.6465673446655273,-0.08748023211956024,0.4932421147823334
28,18,0.41035881638526917,0.6489617824554443,-0.17333917319774628,0.99198979139328
28,19,0.5510196685791016,0.6469289064407349,-0.11356420069932938,0.5093562006950378
28,20,0.41500431299209595,0.6479848623275757,-0.19406825304031372,0.9926954507827759
28,21,0.5507746338844299,0.6379296779632568,-0.08355531841516495,0.45274990797042847
28,22,0.4194873869419098,0.6347832679748535,-0.15762674808502197,0.9858874678611755
28,23,0.513146698474884,0.5811702609062195,0.00966747384518385,0.9999942779541016
28,24,0.4615858495235443,0.5784197449684143,-0.00988010410219431,0.9999973773956299
28,25,0.5426977276802063,0.6289454102516174,-0.360080748796463,0.998586893081665
28,26,0.4492388367652893,0.625268280506134,-0.4084363877773285,0.9972419738769531
28,27,0.5324848294258118,0.7915982604026794,-0.21300818026065826,0.9949666857719421
28,28,0.4538272023200989,0.7947806119918823,-0.281889945268631,0.9963723421096802
28,29,0.5219888091087341,0.8126607537269592,-0.2035893052816391,0.9732195138931274
28,30,0.4611975848674774,0.8177164793014526,-0.2736944258213043,0.9492841958999634
28,31,0.5511953830718994,0.8551416993141174,-0.32503199577331543,0.9959912896156311
28,32,0.4433824419975281,0.8554425239562988,-0.4061451852321625,0.9955268502235413
29,0,0.4978274703025818,0.30745309591293335,-0.2971363663673401,0.9998069405555725
29,1,0.5035234093666077,0.2940707802772522,-0.27543559670448303,0.9993677735328674
29,2,0.506988525390625,0.2950838506221771,-0.2755529284477234,0.9990007281303406
29,3,0.5103182196617126,0.29598408937454224,-0.27552148699760437,0.9992491602897644
29,4,0.49318069219589233,0.2921796441078186,-0.2790580689907074,0.9998119473457336
29,5,0.490098237991333,0.2919161021709442,-0.27930328249931335,0.9998569488525391
29,6,0.48740923404693604,0.29181182384490967,-0.27940452098846436,0.9999239444732666
29,7,0.5135826468467712,0.3013601303100586,-0.15793411433696747,0.9991725087165833
29,8,0.4823119640350342,0.29705819487571716,-0.1748451441526413,0.9998020529747009
29,9,0.5032545924186707,0.3245900273323059,-0.2518846094608307,0.9998917579650879
29,10,0.4908080995082855,0.32179155945777893,-0.25805583596229553,0.9999587535858154
29,11,0.5352475047111511,0.39737534523010254,-0.0733412578701973,0.9999650716781616
29,12,0.44988903403282166,0.38812386989593506,-0.10020966082811356,0.9999964237213135
29,13,0.5491731762886047,0.5211145281791687,-0.058564964681863785,0.7047924995422363
29,14,0.42932143807411194,0.5066747069358826,-0.10763546824455261,0.9760416150093079
29,15,0.5591635704040527,0.627261221408844,-0.13807791471481323,0.4913274347782135
29,16,0.4134356379508972,0.6099058389663696,-0.19870714843273163,0.9928561449050903
29,17,0.5570496320724487,0.6570060849189758,-0.15734334290027618,0.46439117193222046
29,18,0.4086814522743225,0.6490145921707153,-0.22698761522769928,0.9889499545097351
29,19,0.5571396350860596,0.6585264205932617,-0.18376706540584564,0.4791181683540344
29,20,0.4139786958694458,0.6481685042381287,-0.24872756004333496,0.99007248878479
29,21,0.5558465123176575,0.6487545371055603,-0.14936871826648712,0.4259481728076935
29,22,0.4184834659099579,0.6352986693382263,-0.20894771814346313,0.9811747074127197
29,23,0.5129819512367249,0.5820626020431519,0.009402533061802387,0.9999953508377075
29,24,0.4602772891521454,0.5783987045288086,-0.009617743082344532,0.9999979734420776
29,25,0.5447074770927429,0.6279247999191284,-0.3662451505661011,0.9983546137809753
29,26,0.44977572560310364,0.6224055290222168,-0.41545742750167847,0.9973580241203308
29,27,0.5316364765167236,0.7889114618301392,-0.190464049577713,0.9917539358139038
29,28,0.45414796471595764,0.7916828393936157,-0.27464237809181213,0.9961147308349609
29,29,0.5200713276863098,0.8092142343521118,-0.17809940874576569,0.9621018171310425
29,30,0.4615805149078369,0.8128079175949097,-0.26501449942588806,0.9464828968048096
29,31,0.5507621765136719,0.8570706248283386,-0.29805994033813477,0.993462085723877
29,32,0.4448671042919159,0.8561679124832153,-0.3988083302974701,0.9949430823326111
30,0,0.49702945351600647,0.312303751707077,-0.3223949074745178,0.9995983242988586
30,1,0.5024014115333557,0.29886260628700256,-0.3023354709148407,0.9985947012901306
30,2,0.5061302185058594,0.2994976341724396,-0.30246537923812866,0.9978165626525879
30,3,0.5092783570289612,0.30027228593826294,-0.3024366497993469,0.9984005093574524
30,4,0.4926532804965973,0.2971099317073822,-0.3041772246360779,0.9995574355125427
30,5,0.48954829573631287,0.29678741097450256,-0.3044188320636749,0.9996641874313354
30,6,0.48677724599838257,0.2965821921825409,-0.30452239513397217,0.9998226761817932
30,7,0.5141981244087219,0.30543768405914307,-0.1877615600824356,0.9981726408004761
30,8,0.4820568561553955,0.3014475107192993,-0.19663630425930023,0.9994864463806152
30,9,0.5028273463249207,0.3298059105873108,-0.27778497338294983,0.9997649788856506
30,10,0.4904842972755432,0.3272358775138855,-0.28166237473487854,0.9999057054519653
30,11,0.5356670618057251,0.39623963832855225,-0.10428638011217117,0.9999552965164185
30,12,0.44990023970603943,0.3888445496559143,-0.1167902871966362,0.9999945163726807
30,13,0.5503661632537842,0.5131361484527588,-0.09893028438091278,0.7453108429908752
30,14,0.4280382990837097,0.5063815116882324,-0.12598088383674622,0.9653139114379883
30,15,0.5590805411338806,0.6260311007499695,-0.18400047719478607,0.45766252279281616
30,16,0.4125998914241791,0.609208345413208,-0.22108229994773865,0.9872762560844421
30,17,0.5558723211288452,0.6547559499740601,-0.20594531297683716,0.4200960695743561
30,18,0.40850111842155457,0.6487014889717102,-0.25005146861076355,0.9802811741828918
30,19,0.5552868843078613,0.6560419797897339,-0.2309824824333191,0.43332433700561523
30,20,0.41272681951522827,0.6476414203643799,-0.272883802652359,0.9823997020721436
30,21,0.5538671612739563,0.64597487449646,-0.1948174238204956,0.37697896361351013
30,22,0.4172467291355133,0.6348460912704468,-0.2319830358028412,0.9680647253990173
30,23,0.5140279531478882,0.580830991268158,0.007257233839482069,0.9999939203262329
30,24,0.46188607811927795,0.5770392417907715,-0.007467097602784634,0.9999972581863403
30,25,0.5437601208686829,0.6295616030693054,-0.3670203387737274,0.997052788734436
30,26,0.4502638876438141,0.6228062510490417,-0.4069608449935913,0.994667649269104
30,27,0.5316392183303833,0.7897636890411377,-0.17984747886657715,0.9853888154029846
30,28,0.45487022399902344,0.7920225262641907,-0.25660040974617004,0.9924734830856323
30,29,0.5194774270057678,0.8103615045547485,-0.16670061647891998,0.9406217932701111
30,30,0.4619898796081543,0.8147655725479126,-0.2464548647403717,0.9143675565719604
30,31,0.5508347749710083,0.8557907342910767,-0.28997620940208435,0.988149881362915
30,32,0.4452117085456848,0.8518838882446289,-0.38392841815948486,0.990021288394928
31,0,0.497936487197876,0.3135705590248108,-0.3213752210140228,0.999653697013855
31,1,0.5031132698059082,0.30002453923225403,-0.30165427923202515,0.9988712668418884
31,2,0.5067156553268433,0.30074092745780945,-0.30178114771842957,0.9981830716133118
31,3,0.5100477933883667,0.3014817237854004,-0.30175143480300903,0.9987288117408752
31,4,0.49285727739334106,0.29800933599472046,-0.30350810289382935,0.9996274709701538
31,5,0.48976245522499084,0.29761114716529846,-0.30375075340270996,0.9996961355209351
31,6,0.4868471026420593,0.2973513603210449,-0.3038540482521057,0.9998382329940796
31,7,0.5139818787574768,0.3063717186450958,-0.1886066049337387,0.9985263347625732
31,8,0.4828326404094696,0.3022153675556183,-0.19764164090156555,0.9995438456535339
31,9,0.503365695476532,0.330620676279068,-0.27738863229751587,0.9997852444648743
31,10,0.4910765588283539,0.3288952708244324,-0.2812703847885132,0.9999099969863892
31,11,0.5358094573020935,0.39924949407577515,-0.10212787985801697,0.9999545812606812
31,12,0.4513775706291199,0.38848719000816345,-0.12076626718044281,0.9999939203262329
31,13,0.5509521961212158,0.5156584978103638,-0.09058371931314468,0.7674635052680969
31,14,0.42485877871513367,0.5104723572731018,-0.12349892407655716,0.9695785045623779
31,15,0.5626510381698608,0.6298052668571472,-0.16375890374183655,0.5421501398086548
31,16,0.4112485945224762,0.614564836025238,-0.204300194978714,0.9877540469169617
31,17,0.5613943934440613,0.6601726412773132,-0.18281589448451996,0.4943509101867676
31,18,0.4066550135612488,0.652603030204773,-0.2307192087173462,0.9808580279350281
31,19,0.560370922088623,0.6609604358673096,-0.20888751745224,0.5089510083198547
31,20,0.41228318214416504,0.652743399143219,-0.25391989946365356,0.9832118153572083
31,21,0.5588738322257996,0.6536760926246643,-0.17470581829547882,0.4582681655883789
31,22,0.417100727558136,0.6406629085540771,-0.21503174304962158,0.9701841473579407
31,23,0.5123471021652222,0.5806633234024048,0.010384713299572468,0.9999939203262329
31,24,0.4606865346431732,0.576970100402832,-0.010600393638014793,0.9999970197677612
31,25,0.5450935959815979,0.6282694339752197,-0.35242870450019836,0.9965444207191467
31,26,0.4505268633365631,0.6242783665657043,-0.40791577100753784,0.9955797791481018
31,27,0.5309867858886719,0.789190411567688,-0.18593952059745789,0.9886859655380249
31,28,0.4553876519203186,0.7922486066818237,-0.26840418577194214,0.9937523007392883
31,29,0.5189006328582764,0.8119543790817261,-0.17500226199626923,0.9548433423042297
31,30,0.4628811478614807,0.8138598203659058,-0.25913530588150024,0.9251298308372498
31,31,0.5526102781295776,0.8552002310752869,-0.2986077666282654,0.9911215305328369
31,32,0.4447041451931,0.8533998727798462,-0.39412081241607666,0.9921184778213501
